accuracy,balanced_accuracy,macro_f1,weighted_f1,attack_recall,minority_recall,precision_attack,fpr,fnr,roc_auc,pr_auc,cumulative_reward,cumulative_reward_per_window,avg_detection_delay,telemetry_cost,escalation_rate,isolation_rate,abstention_rate,budget_violation_rate,ablation,dataset,seed,model
0.8511203319502074,0.8017466483803082,0.821509539984284,0.8439167285257347,0.9619385942654148,0.6415547024952015,0.8353900396650507,0.3584452975047985,0.03806140573458513,0.9376465656338868,0.9563431674718488,2390.0682234812507,8.475419232203016,0.0,0.0,0.0,0.0,0.33055555555555555,0.0,full_method,UNSW-NB15,0,C3_OfflineSafeGraphRL
0.815975069706413,0.7433779587413776,0.765303051511758,0.7989472683222578,0.9786914013537228,0.5080645161290323,0.7901234567901234,0.49193548387096775,0.021308598646277262,0.9364303185753231,0.9556447805150284,2100.9315513816427,7.450111884332067,0.0,0.0,0.0,0.0,0.32255555555555554,0.0,no_graph_encoder,UNSW-NB15,0,C3_OfflineSafeGraphRL
0.811,0.7773472088544107,0.7868214433871821,0.8067003490549953,0.8988861816916116,0.6558082360172096,0.8217979315831344,0.3441917639827904,0.10111381830838845,0.8761955084438098,0.9186916078002386,3841.6999999999975,27.246099290780123,0.0,0.0,0.0,0.0,0.0,0.0,no_rl_policy,UNSW-NB15,0,C3_OfflineSafeGraphRL
0.7941209851322211,0.7202444912625808,0.7371153381319122,0.7713076114118927,0.9847409510290986,0.45574803149606297,0.7625721352019785,0.544251968503937,0.015259048970901348,0.8694292037129142,0.9126209603700828,2687.1613032202727,9.52894079156125,0.0,0.0,0.0,0.0,0.021,0.0,full_method,UNSW-NB15,1,C3_OfflineSafeGraphRL
0.7957568807339449,0.722525590447185,0.7398281738704717,0.7737201678886536,0.9831692032229186,0.46188197767145134,0.7649763165227083,0.5381180223285487,0.016830796777081467,0.871165730718103,0.9138185441805611,2683.3865901765394,9.515555284313969,0.0,0.0,0.0,0.0,0.03111111111111111,0.0,no_graph_encoder,UNSW-NB15,1,C3_OfflineSafeGraphRL
0.7993333333333333,0.7577435797557435,0.7694970156571286,0.7923672258091793,0.908552516983104,0.6069346425283829,0.8028320763429275,0.3930653574716171,0.09144748301689601,0.8658034275829842,0.9101099689011948,3787.6999999999944,26.863120567375848,0.0,0.0,0.0,0.0,0.0,0.0,no_rl_policy,UNSW-NB15,1,C3_OfflineSafeGraphRL
0.6563137941090696,0.5,0.396249669865305,0.5201282484875293,1.0,0.0,0.6563137941090696,1.0,0.0,0.9187576475015169,0.9467430637876566,663.717638570146,2.3536086474118654,0.0,0.0,0.0,0.0,0.238,0.0,full_method,UNSW-NB15,2,C3_OfflineSafeGraphRL
0.6486556027273896,0.5,0.39344518142801405,0.5104208425987513,1.0,0.0,0.6486556027273896,1.0,0.0,0.898808594405311,0.9343896582215045,625.5262930962209,2.21817834431284,0.0,0.0,0.0,0.0,0.13633333333333333,0.0,no_graph_encoder,UNSW-NB15,2,C3_OfflineSafeGraphRL
0.8066666666666666,0.7720814933653841,0.7813212730665561,0.802332141129311,0.894627383015598,0.6495356037151703,0.8201461709564665,0.3504643962848297,0.10537261698440208,0.872808430496161,0.9179525312267464,3727.9999999999977,26.43971631205672,0.0,0.0,0.0,0.0,0.0,0.0,no_rl_policy,UNSW-NB15,2,C3_OfflineSafeGraphRL
0.7184596324592195,0.5,0.41808350856112947,0.6007522477961801,1.0,0.0,0.7184596324592195,1.0,0.0,0.9010025349902908,0.9591899791165965,2370.749333402287,7.824255225750122,0.0,0.0,0.0,0.0,0.0,0.0,full_method,ToN-IoT-Network,0,C3_OfflineSafeGraphRL
0.7184596324592195,0.5,0.41808350856112947,0.6007522477961801,1.0,0.0,0.7184596324592195,1.0,0.0,0.9010025349902908,0.9591899791165965,2370.749333402287,7.824255225750122,0.0,0.0,0.0,0.0,0.0,0.0,no_graph_encoder,ToN-IoT-Network,0,C3_OfflineSafeGraphRL
0.7835019615940533,0.6669140952510733,0.6854968231784158,0.7622043774182861,0.9337548498347463,0.4000733406674001,0.7988689451684288,0.5999266593325999,0.06624515016525363,0.9010025349902908,0.9591899791165965,4840.839999999998,31.847631578947357,0.0,0.0,0.0,0.0,0.0,0.0,no_rl_policy,ToN-IoT-Network,0,C3_OfflineSafeGraphRL
0.7927008953870566,0.5,0.4421824619080736,0.701036866957966,1.0,0.0,0.7927008953870566,1.0,0.0,0.9336954130643575,0.9674909421357496,3686.345330009634,13.356323659455196,0.0,0.0,0.0,0.0,0.0,0.0,full_method,ToN-IoT-Network,1,C3_OfflineSafeGraphRL
0.7927008953870566,0.5,0.4421824619080736,0.701036866957966,1.0,0.0,0.7927008953870566,1.0,0.0,0.9336954130643575,0.9674909421357496,3686.345330009634,13.356323659455196,0.0,0.0,0.0,0.0,0.0,0.0,no_graph_encoder,ToN-IoT-Network,1,C3_OfflineSafeGraphRL
0.8927802334806755,0.8286024434284296,0.8341116803327562,0.8918633626291166,0.9382327709465256,0.7189721159103335,0.92736009044658,0.2810278840896665,0.061767229053474405,0.9336954130643575,0.9674909421357496,6769.869999999998,49.05702898550723,0.0,0.0,0.0,0.0,0.0,0.0,no_rl_policy,ToN-IoT-Network,1,C3_OfflineSafeGraphRL
,,,,,,,,,,,4666.389966186016,17.030620314547505,0.0,0.0,0.0,0.0,0.0,0.0,full_method,ToN-IoT-Network,2,C3_OfflineSafeGraphRL
0.914099674430253,0.8795436739706592,0.8792562724014337,0.9141321624507927,0.9438110749185668,0.8152762730227519,0.9444263363754889,0.1847237269772481,0.05618892508143322,0.9184608150027702,0.9618593734064679,-10966.529088386838,-40.02382878973299,3.570792418360356,12.0,0.0,0.0,0.08803379767070107,3.1957067823704044,no_graph_encoder,ToN-IoT-Network,2,C3_OfflineSafeGraphRL
0.8971226307376113,0.8690180355217089,0.8605967730039294,0.8982551523135608,0.922272047832586,0.8157640232108317,0.9418409403144558,0.18423597678916828,0.07772795216741404,0.9132657073550119,0.959271441614272,6308.019999999994,46.04394160583937,0.0,0.0,0.0,0.0,0.0,0.0,no_rl_policy,ToN-IoT-Network,2,C3_OfflineSafeGraphRL
0.9541948980547663,0.5,0.488280313803186,0.9318291685031607,1.0,0.0,0.9541948980547663,1.0,0.0,0.961633868314079,0.9961633674161563,25157.680890267482,13.417429808142657,0.0,0.0,0.0,0.0,0.46597635602687876,0.0,full_method,CICIoT2023,0,C3_OfflineSafeGraphRL
0.9534492606460621,0.5,0.4880849888728253,0.9307285435464735,1.0,0.0,0.9534492606460621,1.0,0.0,0.9617111106709917,0.9961257346546091,24690.33350326184,13.168177868406316,0.0,0.0,0.0,0.0,0.4745302052590332,0.0,no_graph_encoder,CICIoT2023,0,C3_OfflineSafeGraphRL
0.7609090757507545,0.8544348929342303,0.5126108649122281,0.8432710412625106,0.7560395971892151,0.9528301886792453,0.9984195077895688,0.04716981132075472,0.24396040281078493,0.9568196618536191,0.9973012687492673,14398.469999999934,15.350181236673704,0.0,0.0,0.0,0.0,0.0,0.0,no_rl_policy,CICIoT2023,0,C3_OfflineSafeGraphRL
0.8193173386099432,0.5388746703460007,0.5358758778461308,0.7723537036329354,0.969007336427609,0.10874200426439233,0.8376909137975667,0.8912579957356077,0.030992663572391076,0.934554975214829,0.9858080618604776,3325.929342656694,1.7747755296994099,0.0,0.0,0.0,0.0,0.8651434289526351,0.0,full_method,CICIoT2023,1,C3_OfflineSafeGraphRL
0.82134630151011,0.5,0.45095559302979205,0.7407814169606362,1.0,0.0,0.82134630151011,1.0,0.0,0.9342121593905394,0.9853724442221676,3265.0561658640913,1.7422925111334533,0.0,0.0,0.0,0.0,0.8696797865243495,0.0,no_graph_encoder,CICIoT2023,1,C3_OfflineSafeGraphRL
0.672631754503002,0.8255523943332161,0.46322090190522425,0.7821655237358093,0.6648034188034188,0.9863013698630136,0.9994860065277171,0.0136986301369863,0.3351965811965812,0.9806524997072943,0.9990275161052103,-8466.299999999983,-9.03553895410884,0.0,0.0,0.0,0.0,0.0,0.0,no_rl_policy,CICIoT2023,1,C3_OfflineSafeGraphRL
0.9239177256084428,0.5,0.480227253645294,0.8873809439262975,1.0,0.0,0.9239177256084428,1.0,0.0,0.9733453404272193,0.9967162082173,13025.940520605853,6.947168277656455,0.0,0.0,0.0,0.0,0.6903221503368239,0.0,full_method,CICIoT2023,2,C3_OfflineSafeGraphRL
0.9227613369071713,0.5,0.47991465149359885,0.885693370827145,1.0,0.0,0.9227613369071713,1.0,0.0,0.9732070930854104,0.9966669678773601,12763.16795231179,6.807022907899621,0.0,0.0,0.0,0.0,0.6951744147268726,0.0,no_graph_encoder,CICIoT2023,2,C3_OfflineSafeGraphRL
0.7635563262856,0.864795819847161,0.5144025897555223,0.8453122523093435,0.7583784799958984,0.9712131596984236,0.9990544161019429,0.02878684030157642,0.24162152000410164,0.9730898977043196,0.9985198268589683,15035.87999999996,16.02972281449889,0.0,0.0,0.0,0.0,0.0,0.0,no_rl_policy,CICIoT2023,2,C3_OfflineSafeGraphRL
