dataset,seed,model,n_params,inference_latency_sec_per_sample,train_time_sec,model_size_kb,row_cap,post_determinism_fix,peak_memory_MB
UNSW-NB15,0,BestSingleTreeExpert,,3.348032633463542e-07,,,100000,True,
UNSW-NB15,0,Full9ExpertEnsemble+MoERouter,,4.817790985107422e-05,139.88743829727173,,100000,True,964.448929
UNSW-NB15,0,FullAegisGraphX_backbone+RL,9875.0,4.817790985107422e-05,165.6628291606903,,100000,True,
UNSW-NB15,0,DistilledStudent,8082.0,4.947980244954427e-08,13.952767610549927,31.5703125,100000,True,
ToN-IoT-Network,0,BestSingleTreeExpert,,1.9221615734535157e-06,,,100000,True,
ToN-IoT-Network,0,Full9ExpertEnsemble+MoERouter,,3.221660456960807e-05,149.37395787239075,,100000,True,955.21368
ToN-IoT-Network,0,FullAegisGraphX_backbone+RL,9747.0,3.221660456960807e-05,164.75774431228638,,100000,True,
ToN-IoT-Network,0,DistilledStudent,7954.0,6.804542502565179e-08,16.377650260925293,31.0703125,100000,True,
CICIoT2023,0,BestSingleTreeExpert,,3.098541961628079e-07,,,100000,True,
CICIoT2023,0,Full9ExpertEnsemble+MoERouter,,3.365416674686061e-05,319.7462658882141,,100000,True,4130.011578
CICIoT2023,0,FullAegisGraphX_backbone+RL,10131.0,3.365416674686061e-05,335.67548418045044,,100000,True,
CICIoT2023,0,DistilledStudent,8338.0,5.9392876754340935e-08,21.646098613739014,32.5703125,100000,True,
UNSW-NB15,1,BestSingleTreeExpert,,8.710225423177083e-07,,,100000,True,
UNSW-NB15,1,Full9ExpertEnsemble+MoERouter,,5.063803990681966e-05,159.68636178970337,,100000,True,963.37332
UNSW-NB15,1,FullAegisGraphX_backbone+RL,9875.0,5.063803990681966e-05,177.6647720336914,,100000,True,
UNSW-NB15,1,DistilledStudent,8082.0,5.704561869303385e-08,13.746820449829102,31.5703125,100000,True,
ToN-IoT-Network,1,BestSingleTreeExpert,,1.6701357493262073e-06,,,100000,True,
ToN-IoT-Network,1,Full9ExpertEnsemble+MoERouter,,9.283009159119791e-05,167.02480101585388,,100000,True,949.126269
ToN-IoT-Network,1,FullAegisGraphX_backbone+RL,9747.0,9.283009159119791e-05,187.89737796783447,,100000,True,
ToN-IoT-Network,1,DistilledStudent,7954.0,5.366891251560069e-08,15.078150749206543,31.0703125,100000,True,
CICIoT2023,1,BestSingleTreeExpert,,9.510299677576696e-07,,,100000,True,
CICIoT2023,1,Full9ExpertEnsemble+MoERouter,,3.21079342702658e-05,401.80708861351013,,100000,True,4130.010398
CICIoT2023,1,FullAegisGraphX_backbone+RL,10131.0,3.21079342702658e-05,420.9654314517975,,100000,True,
CICIoT2023,1,DistilledStudent,8338.0,7.672190975262945e-08,55.91372466087341,32.5703125,100000,True,
UNSW-NB15,2,BestSingleTreeExpert,,3.7363370259602863e-07,,,100000,True,
UNSW-NB15,2,Full9ExpertEnsemble+MoERouter,,5.584885279337565e-05,415.7625296115875,,100000,True,963.83558
UNSW-NB15,2,FullAegisGraphX_backbone+RL,9875.0,5.584885279337565e-05,432.4923310279846,,100000,True,
UNSW-NB15,2,DistilledStudent,8082.0,6.554921468098958e-08,41.852526903152466,31.5703125,100000,True,
ToN-IoT-Network,2,BestSingleTreeExpert,,2.983888472456461e-06,,,100000,True,
ToN-IoT-Network,2,Full9ExpertEnsemble+MoERouter,,4.841171614361163e-05,211.09277296066284,,100000,True,954.290397
ToN-IoT-Network,2,FullAegisGraphX_backbone+RL,9747.0,4.841171614361163e-05,225.63022208213806,,100000,True,
ToN-IoT-Network,2,DistilledStudent,7954.0,9.49335050052531e-08,26.896886825561523,31.0703125,100000,True,
CICIoT2023,2,BestSingleTreeExpert,,7.454082401123756e-07,,,100000,True,
CICIoT2023,2,Full9ExpertEnsemble+MoERouter,,3.5133037192594765e-05,479.27816677093506,,100000,True,4130.012631
CICIoT2023,2,FullAegisGraphX_backbone+RL,10131.0,3.5133037192594765e-05,496.60087275505066,,100000,True,
CICIoT2023,2,DistilledStudent,8338.0,8.37068412465091e-08,21.472312927246094,32.5703125,100000,True,
UNSW-NB15,3,BestSingleTreeExpert,,3.959337870279948e-07,,,100000,True,
UNSW-NB15,3,Full9ExpertEnsemble+MoERouter,,7.238044738769531e-05,258.8397376537323,,100000,True,963.754599
UNSW-NB15,3,FullAegisGraphX_backbone+RL,9875.0,7.238044738769531e-05,277.4904901981354,,100000,True,
UNSW-NB15,3,DistilledStudent,8082.0,4.61737314860026e-08,18.64657688140869,31.5703125,100000,True,
ToN-IoT-Network,3,BestSingleTreeExpert,,1.6359777019628138e-05,,,100000,True,
ToN-IoT-Network,3,Full9ExpertEnsemble+MoERouter,,6.899950780662431e-05,209.83760452270508,,100000,True,949.731456
ToN-IoT-Network,3,FullAegisGraphX_backbone+RL,9747.0,6.899950780662431e-05,225.90493249893188,,100000,True,
ToN-IoT-Network,3,DistilledStudent,7954.0,5.931579449946535e-08,21.980700969696045,31.0703125,100000,True,
CICIoT2023,3,BestSingleTreeExpert,,8.237104676656419e-07,,,100000,True,
CICIoT2023,3,Full9ExpertEnsemble+MoERouter,,3.81993566895081e-05,380.3582499027252,,100000,True,4130.010021
CICIoT2023,3,FullAegisGraphX_backbone+RL,10131.0,3.81993566895081e-05,394.1363718509674,,100000,True,
CICIoT2023,3,DistilledStudent,8338.0,6.087171176669261e-08,15.749241828918457,32.5703125,100000,True,
UNSW-NB15,4,BestSingleTreeExpert,,3.4436543782552085e-06,,,100000,True,
UNSW-NB15,4,Full9ExpertEnsemble+MoERouter,,6.783960660298666e-05,239.4907820224762,,100000,True,963.640344
UNSW-NB15,4,FullAegisGraphX_backbone+RL,9875.0,6.783960660298666e-05,253.57104516029358,,100000,True,
UNSW-NB15,4,DistilledStudent,8082.0,5.558331807454427e-08,11.28498649597168,31.5703125,100000,True,
ToN-IoT-Network,4,BestSingleTreeExpert,,3.217520548437873e-06,,,100000,True,
ToN-IoT-Network,4,Full9ExpertEnsemble+MoERouter,,7.27906410685778e-05,219.04202723503113,,100000,True,943.277252
ToN-IoT-Network,4,FullAegisGraphX_backbone+RL,9747.0,7.27906410685778e-05,232.73139119148254,,100000,True,
ToN-IoT-Network,4,DistilledStudent,7954.0,3.756439082758312e-08,11.899526357650757,31.0703125,100000,True,
CICIoT2023,4,BestSingleTreeExpert,,9.457268713281884e-07,,,100000,True,
CICIoT2023,4,Full9ExpertEnsemble+MoERouter,,4.398331617998283e-05,397.3317058086395,,100000,True,4130.01035
CICIoT2023,4,FullAegisGraphX_backbone+RL,10131.0,4.398331617998283e-05,410.7872166633606,,100000,True,
CICIoT2023,4,DistilledStudent,8338.0,5.049610899748603e-08,17.36071491241455,32.5703125,100000,True,
UNSW-NB15,5,BestSingleTreeExpert,,1.7090161641438802e-06,,,100000,True,
UNSW-NB15,5,Full9ExpertEnsemble+MoERouter,,8.709390958150228e-05,288.3812608718872,,100000,True,963.69328
UNSW-NB15,5,FullAegisGraphX_backbone+RL,9875.0,8.709390958150228e-05,303.23625469207764,,100000,True,
UNSW-NB15,5,DistilledStudent,8082.0,4.8430760701497396e-08,12.607001781463623,31.5703125,100000,True,
ToN-IoT-Network,5,BestSingleTreeExpert,,4.886732436782185e-06,,,100000,True,
ToN-IoT-Network,5,Full9ExpertEnsemble+MoERouter,,8.29663893929681e-05,258.25992941856384,,100000,True,951.772522
ToN-IoT-Network,5,FullAegisGraphX_backbone+RL,9747.0,8.29663893929681e-05,271.9454810619354,,100000,True,
ToN-IoT-Network,5,DistilledStudent,7954.0,6.280097587778455e-08,11.959094762802124,31.0703125,100000,True,
CICIoT2023,5,BestSingleTreeExpert,,8.432869485775345e-07,,,100000,True,
CICIoT2023,5,Full9ExpertEnsemble+MoERouter,,4.6453710376165204e-05,435.2600750923157,,100000,True,4130.011475
CICIoT2023,5,FullAegisGraphX_backbone+RL,10131.0,4.6453710376165204e-05,449.3432276248932,,100000,True,
CICIoT2023,5,DistilledStudent,8338.0,5.4888245456033596e-08,16.360867023468018,32.5703125,100000,True,
UNSW-NB15,6,BestSingleTreeExpert,,1.3565365473429362e-05,,,100000,True,
UNSW-NB15,6,Full9ExpertEnsemble+MoERouter,,0.00014562133153279622,666.3669891357422,,100000,True,964.427087
UNSW-NB15,6,FullAegisGraphX_backbone+RL,9875.0,0.00014562133153279622,686.1150290966034,,100000,True,
UNSW-NB15,6,DistilledStudent,8082.0,6.539026896158854e-08,25.848925828933716,31.5703125,100000,True,
ToN-IoT-Network,6,BestSingleTreeExpert,,7.540095084831053e-05,,,100000,True,
ToN-IoT-Network,6,Full9ExpertEnsemble+MoERouter,,0.00023332679552639298,790.0683825016022,,100000,True,945.669825
ToN-IoT-Network,6,FullAegisGraphX_backbone+RL,9747.0,0.00023332679552639298,810.3674032688141,,100000,True,
ToN-IoT-Network,6,DistilledStudent,7954.0,6.009022232956895e-08,28.391691207885742,31.0703125,100000,True,
CICIoT2023,6,BestSingleTreeExpert,,3.242953701568509e-07,,,100000,True,
CICIoT2023,6,Full9ExpertEnsemble+MoERouter,,6.405808945124421e-05,819.0021286010742,,100000,True,4130.0099
CICIoT2023,6,FullAegisGraphX_backbone+RL,10131.0,6.405808945124421e-05,852.0163793563843,,100000,True,
CICIoT2023,6,DistilledStudent,8338.0,6.939488053459048e-08,41.600964069366455,32.5703125,100000,True,
UNSW-NB15,7,BestSingleTreeExpert,,4.5933723449707033e-07,,,100000,True,
UNSW-NB15,7,Full9ExpertEnsemble+MoERouter,,0.00020338053703308106,980.4619553089142,,100000,True,964.020454
UNSW-NB15,7,FullAegisGraphX_backbone+RL,9875.0,0.00020338053703308106,1002.8368146419525,,100000,True,
UNSW-NB15,7,DistilledStudent,8082.0,2.4099349975585936e-07,34.90775275230408,31.5703125,100000,True,
ToN-IoT-Network,7,BestSingleTreeExpert,,4.23501336700973e-05,,,100000,True,
ToN-IoT-Network,7,Full9ExpertEnsemble+MoERouter,,0.00014009250887966182,572.5405766963959,,100000,True,962.723014
ToN-IoT-Network,7,FullAegisGraphX_backbone+RL,9747.0,0.00014009250887966182,606.8820624351501,,100000,True,
ToN-IoT-Network,7,DistilledStudent,7954.0,6.599390735664489e-08,29.566441535949707,31.0703125,100000,True,
CICIoT2023,7,BestSingleTreeExpert,,7.43885439862881e-07,,,100000,True,
CICIoT2023,7,Full9ExpertEnsemble+MoERouter,,8.015811275683895e-05,1264.2402081489563,,100000,True,4130.009976
CICIoT2023,7,FullAegisGraphX_backbone+RL,10131.0,8.015811275683895e-05,1288.2511866092682,,100000,True,
CICIoT2023,7,DistilledStudent,8338.0,6.601273919852886e-08,47.748483657836914,32.5703125,100000,True,
UNSW-NB15,8,BestSingleTreeExpert,,1.4415391286214193e-05,,,100000,True,
UNSW-NB15,8,Full9ExpertEnsemble+MoERouter,,0.00024132553736368816,789.2716615200043,,100000,True,964.047452
UNSW-NB15,8,FullAegisGraphX_backbone+RL,9875.0,0.00024132553736368816,813.7841291427612,,100000,True,
UNSW-NB15,8,DistilledStudent,8082.0,1.39617919921875e-07,36.05824637413025,31.5703125,100000,True,
ToN-IoT-Network,8,BestSingleTreeExpert,,0.00021275593923003881,,,100000,True,
ToN-IoT-Network,8,Full9ExpertEnsemble+MoERouter,,0.0006127988008766557,678.9362580776215,,100000,True,952.170335
ToN-IoT-Network,8,FullAegisGraphX_backbone+RL,9747.0,0.0006127988008766557,700.7746651172638,,100000,True,
ToN-IoT-Network,8,DistilledStudent,7954.0,1.0343030873955013e-07,58.77613615989685,31.0703125,100000,True,
CICIoT2023,8,BestSingleTreeExpert,,3.3312262331134602e-06,,,100000,True,
CICIoT2023,8,Full9ExpertEnsemble+MoERouter,,0.00010451579487192993,1393.6721556186676,,100000,True,4130.013725
CICIoT2023,8,FullAegisGraphX_backbone+RL,10131.0,0.00010451579487192993,1415.3761823177338,,100000,True,
CICIoT2023,8,DistilledStudent,8338.0,8.611866543754794e-08,73.98280262947083,32.5703125,100000,True,
UNSW-NB15,9,BestSingleTreeExpert,,6.573642094930013e-05,,,100000,True,
UNSW-NB15,9,Full9ExpertEnsemble+MoERouter,,0.0010674986680348714,1818.7546906471252,,100000,True,963.777223
UNSW-NB15,9,FullAegisGraphX_backbone+RL,9875.0,0.0010674986680348714,1875.3416197299957,,100000,True,
UNSW-NB15,9,DistilledStudent,8082.0,9.325345357259115e-08,38.815078258514404,31.5703125,100000,True,
ToN-IoT-Network,9,BestSingleTreeExpert,,1.4502042376118808e-05,,,100000,True,
ToN-IoT-Network,9,Full9ExpertEnsemble+MoERouter,,0.00029494861516684336,906.7011382579803,,100000,True,918.375186
ToN-IoT-Network,9,FullAegisGraphX_backbone+RL,9619.0,0.00029494861516684336,930.7923967838287,,100000,True,
ToN-IoT-Network,9,DistilledStudent,7826.0,1.2792797587337786e-07,38.06869912147522,30.5703125,100000,True,
CICIoT2023,9,BestSingleTreeExpert,,2.066761315524028e-06,,,100000,True,
CICIoT2023,9,Full9ExpertEnsemble+MoERouter,,7.576909843921824e-05,882.9764368534088,,100000,True,4130.009765
CICIoT2023,9,FullAegisGraphX_backbone+RL,10131.0,7.576909843921824e-05,902.4102237224579,,100000,True,
CICIoT2023,9,DistilledStudent,8338.0,6.332881639045328e-08,32.62315058708191,32.5703125,100000,True,
