accuracy,balanced_accuracy,macro_f1,weighted_f1,precision_attack,recall_attack,minority_recall,fpr,fnr,roc_auc,pr_auc,threshold,tn,fp,fn,tp,dataset,seed,component,split,note,train_time_sec
0.9437408345553926,0.9424394073300032,0.9394859534365867,0.9439205278756438,0.964065490112694,0.9471485272613328,0.9471485272613328,0.06226971260132646,0.05285147273866722,0.9902193040319373,0.9946099379994433,0.48000000000000004,2545,169,253,4534,UNSW-NB15,0,Full_AegisGraphX_backbone,val,,
0.9444,0.9435145525468689,0.9402391111982276,0.9445955344409119,0.9654805028766248,0.9467195988299206,0.9467195988299206,0.05969049373618276,0.0532804011700794,0.9903335878010692,0.9947047271353585,0.48000000000000004,2552,162,255,4531,UNSW-NB15,0,Full_AegisGraphX_backbone,test,,
0.9445407279029463,0.9446617119966428,0.9404988763414189,0.9447846862069157,0.968087384878989,0.9442239398370587,0.9442239398370587,0.05490051584377303,0.0557760601629413,0.9897136050273717,0.9942789292206522,0.46,2565,149,267,4520,UNSW-NB15,0,No_ExpertEnsemble_BestSingleExpert,val,LightGBM,
0.9444,0.9451097234287797,0.9404175390266072,0.9446731651931208,0.9694820545884376,0.9425407438361889,0.9425407438361889,0.05232129697862933,0.05745925616381112,0.9900556646889217,0.9945473632847976,0.46,2572,142,275,4511,UNSW-NB15,0,No_ExpertEnsemble_BestSingleExpert,test,LightGBM,
0.9428076256499134,0.9349269291878228,0.9376779753811726,0.9426193159978545,0.9478010686395396,0.9634426571965741,0.9634426571965741,0.09358879882092852,0.03655734280342594,0.9893521495440473,0.9940358675047786,0.47500000000000003,2460,254,175,4612,UNSW-NB15,0,No_MoERouter_EqualWeight,val,,
0.9441333333333334,0.9369249262695389,0.9391969128245872,0.9439831848386827,0.9501133786848073,0.9630171333054743,0.9630171333054743,0.08916728076639646,0.0369828666945257,0.9894460045434654,0.9941703934209761,0.47500000000000003,2472,242,177,4609,UNSW-NB15,0,No_MoERouter_EqualWeight,test,,
0.9449406745767231,0.9425018692390146,0.9406354951338998,0.9450536322551732,0.9619771863117871,0.95132650929601,0.95132650929601,0.06632277081798084,0.04867349070398997,0.9901998303868604,0.994570919087466,0.48000000000000004,2534,180,233,4554,UNSW-NB15,0,No_GraphBranch,val,,
0.9434666666666667,0.9418261503938195,0.9391573685860386,0.9436307481567107,0.9630573248407643,0.9477643125783536,0.9477643125783536,0.06411201179071481,0.05223568742164647,0.9904063405271024,0.9947396238544732,0.48000000000000004,2540,174,250,4536,UNSW-NB15,0,No_GraphBranch,test,,
0.9450739901346488,0.9426063187898814,0.9407746486430961,0.9451846114892062,0.9619852164730729,0.9515354083977439,0.9515354083977439,0.06632277081798084,0.04846459160225611,0.9901955969857569,0.9945683034930286,0.48000000000000004,2534,180,232,4555,UNSW-NB15,0,No_TemporalBranch,val,,
0.9434666666666667,0.9418261503938195,0.9391573685860386,0.9436307481567107,0.9630573248407643,0.9477643125783536,0.9477643125783536,0.06411201179071481,0.05223568742164647,0.9904111137218262,0.9947425708622937,0.48000000000000004,2540,174,250,4536,UNSW-NB15,0,No_TemporalBranch,test,,
0.9437408345553926,0.943476552114938,0.9396045900650452,0.9439726159583158,0.9666452854393842,0.9444328389387926,0.9444328389387926,0.05747973470891673,0.05556716106120744,0.9902193040319373,0.9946099379994433,0.5,2558,156,266,4521,UNSW-NB15,0,No_Calibration_Raw0.5,val,,
0.944,0.9443177580396767,0.9399488661735891,0.9442578750484985,0.9682539682539683,0.9431675720852486,0.9431675720852486,0.054532056005895356,0.056832427914751356,0.9903335878010692,0.9947047271353585,0.5,2566,148,272,4514,UNSW-NB15,0,No_Calibration_Raw0.5,test,,
0.9040127982935608,0.882672289033844,0.8929739216182089,0.9024731293176712,0.8969353894202615,0.9598913724670984,0.9598913724670984,0.19454679439941047,0.040108627532901606,0.9426890240532614,0.9346320092762017,0.5750000000000001,2186,528,192,4595,UNSW-NB15,0,Full_DistilledStudent,val,,6.716033220291138
0.908,0.8881152378544521,0.897698159159919,0.906666820597166,0.9020416175893208,0.9600919348098621,0.9600919348098621,0.183861459100958,0.039908065190137905,0.9417097845256721,0.9342790117123974,0.5750000000000001,2215,499,191,4595,UNSW-NB15,0,Full_DistilledStudent,test,,6.716033220291138
0.9052126383148913,0.8892767411247515,0.8956008756024906,0.9043553501643564,0.9084168336673347,0.9469396281595989,0.9469396281595989,0.1683861459100958,0.053060371840401084,0.9687115482102027,0.9684505121057972,0.51,2257,457,254,4533,UNSW-NB15,0,No_FocalLoss,val,,6.4000420570373535
0.9028,0.8871514374552898,0.89306424784091,0.9019782904717693,0.907574844283705,0.9437944003343084,0.9437944003343084,0.1694915254237288,0.0562055996656916,0.9702376681434828,0.9737937201996226,0.51,2254,460,269,4517,UNSW-NB15,0,No_FocalLoss,test,,6.4000420570373535
0.9145447273696841,0.9059225127498496,0.9071867310567506,0.9144088552786782,0.9295482801491919,0.9371213703781074,0.9371213703781074,0.12527634487840825,0.06287862962189263,0.9748920059378453,0.9795742564005113,0.64,2374,340,301,4486,UNSW-NB15,0,No_ContrastiveLearning,val,,4.053286075592041
0.9176,0.9096746806039846,0.9105902777777778,0.917506537037037,0.9329040299127545,0.9383618888424572,0.9383618888424572,0.11901252763448784,0.061638111157542835,0.9781984715922546,0.9845419095877742,0.64,2391,323,295,4491,UNSW-NB15,0,No_ContrastiveLearning,test,,4.053286075592041
0.9106785761898414,0.8901286168832039,0.9004632387752554,0.9092757208644926,0.9022864959937463,0.9644871527052433,0.9644871527052433,0.18422991893883567,0.035512847294756636,0.9738243421794995,0.9854347034721279,0.495,2214,500,170,4617,UNSW-NB15,0,No_HardClassMining,val,,6.838424444198608
0.9134666666666666,0.8958281816191354,0.9041788739762715,0.9124205469760568,0.9096850861556743,0.9596740493104889,0.9596740493104889,0.16801768607221812,0.04032595068951107,0.9749107412586637,0.9866838010742327,0.495,2258,456,193,4593,UNSW-NB15,0,No_HardClassMining,test,,6.838424444198608
0.9126783095587255,0.8976788877516007,0.9038919819862521,0.9119228713415155,0.9146928944199116,0.9519532066012116,0.9519532066012116,0.15659543109801033,0.04804679339878839,0.9730965435588496,0.985068860282615,0.405,2289,425,230,4557,UNSW-NB15,0,PlainKD_NoHardClassExtras,val,,3.108126640319824
0.916,0.9025986503868906,0.9078215043514883,0.9154069309332772,0.919967663702506,0.9511073965733389,0.9511073965733389,0.14591009579955785,0.048892603426661095,0.9755579325723118,0.9871453619926381,0.405,2318,396,234,4552,UNSW-NB15,0,PlainKD_NoHardClassExtras,test,,3.108126640319824
0.9414744700706572,0.9318546870749388,0.9360316845811378,0.941173475077864,0.9429153924566769,0.9667642140468228,0.9667642140468228,0.10305483989694517,0.033235785953177256,0.9896354305789264,0.994291943025259,0.42500000000000004,2437,280,159,4625,UNSW-NB15,1,Full_AegisGraphX_backbone,val,,
0.9414666666666667,0.931994873683018,0.9360378741262274,0.9411759715969955,0.9432768822689247,0.9663461538461539,0.9663461538461539,0.10235640648011782,0.03365384615384615,0.9905889507735653,0.9948088046990726,0.42500000000000004,2438,278,161,4623,UNSW-NB15,1,Full_AegisGraphX_backbone,test,,
0.9425409945340621,0.935076150965739,0.9374705152100464,0.942377200960393,0.9484854729033587,0.9621655518394648,0.9621655518394648,0.09201324990798675,0.03783444816053512,0.9897428691270004,0.9943542547926676,0.445,2467,250,181,4603,UNSW-NB15,1,No_ExpertEnsemble_BestSingleExpert,val,XGBoost,
0.942,0.9341636764177105,0.9368332091779168,0.9418145254576687,0.9473359391071796,0.9625836120401338,0.9625836120401338,0.09425625920471281,0.037416387959866224,0.9904381812718881,0.9947271731576687,0.445,2460,256,179,4605,UNSW-NB15,1,No_ExpertEnsemble_BestSingleExpert,test,XGBoost,
0.9409412078389549,0.9315956497735673,0.9354926185924877,0.9406587809651701,0.9432305493159077,0.965510033444816,0.965510033444816,0.10231873389768127,0.034489966555183944,0.988923097233694,0.9938467050345643,0.465,2439,278,165,4619,UNSW-NB15,1,No_MoERouter_EqualWeight,val,,
0.9404,0.9311587532816803,0.9349163981964048,0.9401254420778172,0.9431841406090333,0.9646739130434783,0.9646739130434783,0.10235640648011782,0.035326086956521736,0.9899450826515483,0.9944471387805571,0.465,2438,278,169,4615,UNSW-NB15,1,No_MoERouter_EqualWeight,test,,
0.9408078922810292,0.9304574858779664,0.9352091209660701,0.9404574929878481,0.9408776919951239,0.9680183946488294,0.9680183946488294,0.10710342289289658,0.03198160535117057,0.9896279679658486,0.9942839053684702,0.35500000000000004,2426,291,153,4631,UNSW-NB15,1,No_GraphBranch,val,,
0.9406666666666667,0.9310494665576468,0.9351526611278587,0.9403666361869601,0.9424841933510096,0.9659280936454849,0.9659280936454849,0.10382916053019146,0.03407190635451505,0.9905577809684711,0.9948038366555547,0.35500000000000004,2434,282,163,4621,UNSW-NB15,1,No_GraphBranch,test,,
0.9414744700706572,0.9373409771007024,0.9367502725234041,0.9415136463430003,0.9557373610237047,0.9523411371237458,0.9523411371237458,0.07765918292234082,0.047658862876254184,0.9896330456201078,0.9942875057661189,0.44,2506,211,228,4556,UNSW-NB15,1,No_TemporalBranch,val,,
0.9421333333333334,0.9384063101846607,0.9375002832168426,0.942192324177128,0.957124842370744,0.9519230769230769,0.9519230769230769,0.07511045655375552,0.04807692307692308,0.9905971857591087,0.994824769327591,0.44,2512,204,230,4554,UNSW-NB15,1,No_TemporalBranch,test,,
0.9404079456072524,0.9359482765518234,0.9355671682533478,0.9404338447078812,0.9543264194426985,0.9521321070234113,0.9521321070234113,0.08023555391976445,0.04786789297658863,0.9896354305789264,0.994291943025259,0.5,2499,218,229,4555,UNSW-NB15,1,No_Calibration_Raw0.5,val,,
0.9426666666666667,0.9392222664157895,0.9381053963956882,0.9427383565726939,0.9581228956228957,0.9517140468227425,0.9517140468227425,0.07326951399116348,0.04828595317725753,0.9905889507735653,0.9948088046990726,0.5,2517,199,231,4553,UNSW-NB15,1,No_Calibration_Raw0.5,test,,
0.9072123716837754,0.8964070826198973,0.898932216021127,0.9069038423623914,0.9202302631578947,0.93561872909699,0.93561872909699,0.14280456385719545,0.06438127090301003,0.9700783451278523,0.9841475266496311,0.65,2329,388,308,4476,UNSW-NB15,1,Full_DistilledStudent,val,,7.063102960586548
0.9036,0.8941159412080524,0.8953398507574258,0.9034471068721119,0.9210035247771097,0.9285117056856187,0.9285117056856187,0.140279823269514,0.07148829431438126,0.9697855301914579,0.9841122736780461,0.65,2335,381,342,4442,UNSW-NB15,1,Full_DistilledStudent,test,,7.063102960586548
0.8908145580589255,0.8618451056952201,0.8762926599766683,0.8879723344264837,0.8749763571023265,0.9669732441471572,0.9669732441471572,0.24328303275671698,0.03302675585284281,0.9639919302225674,0.9809485805086057,0.325,2056,661,158,4626,UNSW-NB15,1,No_FocalLoss,val,,6.89537239074707
0.8866666666666667,0.8570483472153128,0.8714819209031803,0.8836627022216014,0.8715527011711371,0.9644648829431438,0.9644648829431438,0.2503681885125184,0.035535117056856184,0.9643233489392723,0.9814307972543193,0.325,2036,680,170,4614,UNSW-NB15,1,No_FocalLoss,test,,6.89537239074707
0.9212105052659645,0.912072338416732,0.9142718736393743,0.9209926569440426,0.9321789321789322,0.9452341137123745,0.9452341137123745,0.12108943687891056,0.054765886287625416,0.9802316533580834,0.9888578948905733,0.635,2388,329,262,4522,UNSW-NB15,1,No_ContrastiveLearning,val,,3.9309873580932617
0.9208,0.9110998677476714,0.9137231443678469,0.9205364299578342,0.9307154605263158,0.9462792642140468,0.9462792642140468,0.12407952871870398,0.053720735785953176,0.9804670760660227,0.9890171710548242,0.635,2379,337,257,4527,UNSW-NB15,1,No_ContrastiveLearning,test,,3.9309873580932617
0.9048126916411146,0.8819630026723848,0.8934969961208246,0.9030632712293887,0.89422704378148,0.9648829431438127,0.9648829431438127,0.20095693779904306,0.03511705685618729,0.9727283036449555,0.9849940774217254,0.51,2171,546,168,4616,UNSW-NB15,1,No_HardClassMining,val,,7.051923990249634
0.9032,0.8804330894340979,0.8917417548770886,0.901453087218966,0.8935221101629169,0.9630016722408027,0.9630016722408027,0.20213549337260678,0.03699832775919733,0.9733833722866108,0.9854484146754492,0.51,2167,549,177,4607,UNSW-NB15,1,No_HardClassMining,test,,7.051923990249634
0.9136115184642047,0.8971301867468915,0.9046205983564906,0.9126901736333665,0.9119521912350598,0.9569397993311036,0.9569397993311036,0.16267942583732056,0.04306020066889632,0.9715864469098936,0.9685721993399697,0.515,2275,442,206,4578,UNSW-NB15,1,PlainKD_NoHardClassExtras,val,,3.3141515254974365
0.9110666666666667,0.8946369772092542,0.9018613310514809,0.9101489383880957,0.9106323558747257,0.9542224080267558,0.9542224080267558,0.16494845360824742,0.045777591973244144,0.9734922357169948,0.9738183795273108,0.515,2268,448,219,4565,UNSW-NB15,1,PlainKD_NoHardClassExtras,test,,3.3141515254974365
0.9428076256499134,0.9385527909068466,0.9379437096144304,0.9428470002082958,0.9570116861435726,0.9536286130172593,0.9536286130172593,0.07652303120356613,0.046371386982740695,0.9895165454075243,0.9943135812177695,0.465,2486,206,223,4586,UNSW-NB15,2,Full_AegisGraphX_backbone,val,,
0.9429333333333333,0.9382432510946342,0.9380283756677394,0.9429472810802497,0.9560599750104123,0.9548668885191348,0.9548668885191348,0.07838038632986627,0.045133111480865226,0.9901971979588254,0.9946506196595146,0.465,2481,211,217,4591,UNSW-NB15,2,Full_AegisGraphX_backbone,test,,
0.9421410478602853,0.939586444374203,0.9374361087780101,0.9422782847805268,0.9606232891134976,0.9486379704720316,0.9486379704720316,0.06946508172362556,0.051362029527968395,0.9892426347700588,0.9941446958225765,0.51,2505,187,247,4562,UNSW-NB15,2,No_ExpertEnsemble_BestSingleExpert,val,HistGradientBoosting,
0.9418666666666666,0.9389644055351037,0.9371031729545028,0.9419866771671669,0.9596299411269975,0.9492512479201332,0.9492512479201332,0.0713224368499257,0.050748752079866885,0.9900952906621704,0.9946043845834576,0.51,2500,192,244,4564,UNSW-NB15,2,No_ExpertEnsemble_BestSingleExpert,test,HistGradientBoosting,
0.9418744167444341,0.9387243905913164,0.9370779106340701,0.9419809543016898,0.9590594163342431,0.9498856311083386,0.9498856311083386,0.0724368499257058,0.050114368891661466,0.988888157636576,0.9939328657232508,0.51,2497,195,241,4568,UNSW-NB15,2,No_MoERouter_EqualWeight,val,,
0.942,0.9385779458703054,0.9371823871697957,0.9420904607127482,0.9584818620255818,0.9507071547420965,0.9507071547420965,0.07355126300148589,0.04929284525790349,0.9895475872307917,0.9942099227433308,0.51,2494,198,237,4571,UNSW-NB15,2,No_MoERouter_EqualWeight,test,,
0.9390747900279963,0.9363774568919037,0.9341361218619998,0.9392262681655121,0.9584913611462283,0.9459347057600332,0.9459347057600332,0.07317979197622586,0.05406529423996673,0.9884151094854652,0.9936544243281651,0.465,2495,197,260,4549,UNSW-NB15,2,No_GraphBranch,val,,
0.9402666666666667,0.9362451263743192,0.9352479586918978,0.9403339673483205,0.9560669456066946,0.9504991680532446,0.9504991680532446,0.07800891530460624,0.049500831946755405,0.9894920365512654,0.9942496254476565,0.465,2482,210,238,4570,UNSW-NB15,2,No_GraphBranch,test,,
0.9390747900279963,0.9363774568919037,0.9341361218619998,0.9392262681655121,0.9584913611462283,0.9459347057600332,0.9459347057600332,0.07317979197622586,0.05406529423996673,0.9884723480027697,0.9936904872679357,0.465,2495,197,260,4549,UNSW-NB15,2,No_TemporalBranch,val,,
0.9398666666666666,0.9358514041728372,0.934819595574716,0.9399367984643029,0.9558485038711028,0.9500831946755408,0.9500831946755408,0.07838038632986627,0.04991680532445923,0.9895058662753756,0.9942582691430627,0.465,2481,211,240,4568,UNSW-NB15,2,No_TemporalBranch,test,,
0.9408078922810292,0.939119073727845,0.9361150613466853,0.9410017918375884,0.9619047619047619,0.9451029320024953,0.9451029320024953,0.06686478454680535,0.05489706799750468,0.9895165454075243,0.9943135812177695,0.5,2512,180,264,4545,UNSW-NB15,2,No_Calibration_Raw0.5,val,,
0.9421333333333334,0.93966284523318,0.9374412418545806,0.9422749641374631,0.9608091024020228,0.9484193011647255,0.9484193011647255,0.06909361069836553,0.051580698835274545,0.9901971979588254,0.9946506196595146,0.5,2506,186,248,4560,UNSW-NB15,2,No_Calibration_Raw0.5,test,,
0.9194774030129316,0.9058037848177807,0.9112725617699566,0.9188874889560057,0.9227830283531068,0.9542524433354128,0.9542524433354128,0.1426448736998514,0.045747556664587234,0.9750430408931743,0.97497845506409,0.63,2308,384,220,4589,UNSW-NB15,2,Full_DistilledStudent,val,,5.756940603256226
0.9204,0.9057095591053049,0.9120813326313978,0.919711285016297,0.9211842368473695,0.9577787021630616,0.9577787021630616,0.14635958395245172,0.04222129783693843,0.9757632539749252,0.9723036790753079,0.63,2298,394,203,4605,UNSW-NB15,2,Full_DistilledStudent,test,,5.756940603256226
0.889614718037595,0.854714430007876,0.8726606513099073,0.8857741914131279,0.866642107202063,0.9783738823040133,0.9783738823040133,0.2689450222882615,0.021626117695986692,0.9249746327542743,0.910792081514155,0.535,1968,724,104,4705,UNSW-NB15,2,No_FocalLoss,val,,5.455278158187866
0.8910666666666667,0.8578179198611526,0.8748606133077768,0.8875660630696927,0.8701539603042108,0.9756655574043261,0.9756655574043261,0.2600297176820208,0.024334442595673876,0.9360284864502698,0.9217508178864035,0.535,1992,700,117,4691,UNSW-NB15,2,No_FocalLoss,test,,5.455278158187866
0.9142780962538328,0.8924278153548773,0.9038526973701771,0.9127881505834157,0.903525765207284,0.9698482012892493,0.9698482012892493,0.1849925705794948,0.030151798710750674,0.9728684407053763,0.9721313678073742,0.5,2194,498,145,4664,UNSW-NB15,2,No_ContrastiveLearning,val,,3.2196362018585205
0.9141333333333334,0.8924024285922669,0.9037251087547482,0.9126560914020663,0.9036448235750291,0.9694259567387687,0.9694259567387687,0.18462109955423478,0.030574043261231282,0.9746835311009634,0.9709623149411994,0.5,2195,497,147,4661,UNSW-NB15,2,No_ContrastiveLearning,test,,3.2196362018585205
0.9173443540861218,0.9004608666205051,0.9083061140666562,0.9164309353495474,0.9149990093124628,0.9602828030775629,0.9602828030775629,0.15936106983655274,0.039717196922437095,0.9725395316545222,0.9712233808914436,0.5700000000000001,2263,429,191,4618,UNSW-NB15,2,No_HardClassMining,val,,5.741787433624268
0.9165333333333333,0.8996692918934021,0.9074294902553124,0.9156198524802666,0.9145519429024583,0.9594425956738769,0.9594425956738769,0.1601040118870728,0.04055740432612313,0.975037038937086,0.9704325263745983,0.5700000000000001,2261,431,195,4613,UNSW-NB15,2,No_HardClassMining,test,,5.741787433624268
0.9054792694307425,0.890635037017331,0.8958573921925996,0.9047913896106472,0.912308930008045,0.9432314410480349,0.9432314410480349,0.16196136701337296,0.056768558951965066,0.9663783961906492,0.9816481824417307,0.505,2256,436,273,4536,UNSW-NB15,2,PlainKD_NoHardClassExtras,val,,2.686521530151367
0.9094666666666666,0.8946480976480506,0.9001854795852993,0.9087727082097738,0.914641494275959,0.947171381031614,0.947171381031614,0.15787518573551262,0.052828618968386025,0.9710321362612586,0.9845364625915385,0.505,2267,425,254,4554,UNSW-NB15,2,PlainKD_NoHardClassExtras,test,,2.686521530151367
0.9987407303763817,0.9976210709891482,0.9980178882786394,0.9987402279374816,0.998953427524856,0.9994764397905759,0.9994764397905759,0.004234297812279464,0.0005235602094240838,0.999943715122158,0.999985926779057,0.5,1411,6,3,5727,ToN-IoT-Network,0,Full_AegisGraphX_backbone,val,,
0.997545008183306,0.9961587245256731,0.9963844676097324,0.9975444494252061,0.9982590529247911,0.9986067572274469,0.9986067572274469,0.006289308176100629,0.0013932427725531174,0.9997797318226725,0.9999493600004092,0.5,1580,10,8,5734,ToN-IoT-Network,0,Full_AegisGraphX_backbone,test,,
0.9987407303763817,0.9970898747569097,0.9980157761268097,0.9987395556819958,0.9986055429667073,0.999825479930192,0.999825479930192,0.0056457304163726185,0.00017452006980802793,0.9999550459947213,0.9999887416381108,0.095,1409,8,1,5729,ToN-IoT-Network,0,No_ExpertEnsemble_BestSingleExpert,val,LightGBM,
0.9976813966175668,0.9960184144634372,0.9965829965396549,0.9976800754724165,0.9980859578910736,0.9989550679205852,0.9989550679205852,0.006918238993710692,0.0010449320794148381,0.9999716312988922,0.9999921444279511,0.095,1579,11,6,5736,ToN-IoT-Network,0,No_ExpertEnsemble_BestSingleExpert,test,LightGBM,
0.9981810549881069,0.9956784421528165,0.9971308386195774,0.9981783832998428,0.9979097718167567,0.999825479930192,0.999825479930192,0.008468595624558928,0.00017452006980802793,0.9998334854379813,0.9999545022481875,0.395,1405,12,1,5729,ToN-IoT-Network,0,No_MoERouter_EqualWeight,val,,
0.9974086197490453,0.9951620959103067,0.9961775095547856,0.9974059569295912,0.997565640758129,0.9991292232671543,0.9991292232671543,0.00880503144654088,0.0008707767328456984,0.999764725984635,0.9999294192914452,0.395,1576,14,5,5737,ToN-IoT-Network,0,No_MoERouter_EqualWeight,test,,
0.9983209738351756,0.9965624965360784,0.9973550730269258,0.9983196319956642,0.9984309623430963,0.9994764397905759,0.9994764397905759,0.006351446718419196,0.0005235602094240838,0.9998991306018541,0.9999742864020645,0.41500000000000004,1408,9,3,5727,ToN-IoT-Network,0,No_GraphBranch,val,,
0.9974086197490453,0.9956168713813476,0.9961809961325554,0.9974071431750537,0.9979119540629894,0.998780912574016,0.998780912574016,0.007547169811320755,0.0012190874259839777,0.9999422768128038,0.9999839231657487,0.41500000000000004,1578,12,7,5735,ToN-IoT-Network,0,No_GraphBranch,test,,
0.9983209738351756,0.9962968984199592,0.997353662772141,0.9983191829329529,0.9982572324851865,0.999650959860384,0.999650959860384,0.007057163020465773,0.00034904013961605586,0.9992552414522731,0.9985660029530684,0.385,1407,10,2,5728,ToN-IoT-Network,0,No_TemporalBranch,val,,
0.997545008183306,0.9957039490546322,0.9963811714304047,0.9975433287651921,0.9979123173277662,0.9989550679205852,0.9989550679205852,0.007547169811320755,0.0010449320794148381,0.9999088696551286,0.9999751357809825,0.385,1578,12,6,5736,ToN-IoT-Network,0,No_TemporalBranch,test,,
0.9987407303763817,0.9976210709891482,0.9980178882786394,0.9987402279374816,0.998953427524856,0.9994764397905759,0.9994764397905759,0.004234297812279464,0.0005235602094240838,0.999943715122158,0.999985926779057,0.5,1411,6,3,5727,ToN-IoT-Network,0,No_Calibration_Raw0.5,val,,
0.997545008183306,0.9961587245256731,0.9963844676097324,0.9975444494252061,0.9982590529247911,0.9986067572274469,0.9986067572274469,0.006289308176100629,0.0013932427725531174,0.9997797318226725,0.9999493600004092,0.5,1580,10,8,5734,ToN-IoT-Network,0,No_Calibration_Raw0.5,test,,
0.955645725479222,0.9197501419438112,0.9287322139122921,0.9551616254305454,0.9659149595455327,0.9792321116928446,0.9792321116928446,0.1397318278052223,0.020767888307155324,0.9363150770807239,0.9476958328208904,0.63,1219,198,119,5611,ToN-IoT-Network,0,Full_DistilledStudent,val,,6.651746511459351
0.9590834697217676,0.9365851093892734,0.9393812856502859,0.9589514933691357,0.97157712305026,0.976314872866597,0.976314872866597,0.10314465408805032,0.023685127133402994,0.9628010203969868,0.969055337624764,0.63,1426,164,136,5606,ToN-IoT-Network,0,Full_DistilledStudent,test,,6.651746511459351
0.9527074296907794,0.8956074394568079,0.9207376374015785,0.9511156312643948,0.9526527871054399,0.9902268760907504,0.9902268760907504,0.1990119971771348,0.009773123909249564,0.9546356200758429,0.976016419423972,0.21000000000000002,1135,282,56,5674,ToN-IoT-Network,0,No_FocalLoss,val,,6.4116127490997314
0.9510365521003818,0.8989310804860577,0.9233415679927308,0.9494340513181149,0.9488077372019343,0.9909439219784048,0.9909439219784048,0.19308176100628932,0.009056078021595262,0.9527534617482569,0.969172189054625,0.21000000000000002,1283,307,52,5690,ToN-IoT-Network,0,No_FocalLoss,test,,6.4116127490997314
0.9762137959983209,0.9612619636155829,0.9624902134154625,0.9761820504915367,0.9843205574912892,0.9860383944153578,0.9860383944153578,0.06351446718419196,0.013961605584642234,0.9622702881120672,0.9751362319536077,0.725,1327,90,80,5650,ToN-IoT-Network,0,No_ContrastiveLearning,val,,4.384722709655762
0.9731314784506274,0.9612438634884959,0.9605108089331826,0.9731527920059041,0.983435047951177,0.9822361546499477,0.9822361546499477,0.059748427672955975,0.017763845350052248,0.9685571831960902,0.9787402261126558,0.725,1495,95,102,5640,ToN-IoT-Network,0,No_ContrastiveLearning,test,,4.384722709655762
0.98600811529313,0.9737445208457265,0.9778047503734715,0.9859476992568978,0.988545643873655,0.9940663176265271,0.9940663176265271,0.0465772759350741,0.00593368237347295,0.9849991563426407,0.988897957099998,0.24500000000000002,1351,66,34,5696,ToN-IoT-Network,0,No_HardClassMining,val,,6.514986991882324
0.9841789416257501,0.9735270729415166,0.9765607637847772,0.9841279107693991,0.9875216637781629,0.9923371647509579,0.9923371647509579,0.045283018867924525,0.007662835249042145,0.9837341096937714,0.9845389328560177,0.24500000000000002,1518,72,44,5698,ToN-IoT-Network,0,No_HardClassMining,test,,6.514986991882324
0.9813907933398629,0.9684745566488207,0.9705991291437499,0.9813484242194624,0.9869497128936836,0.9898778359511344,0.9898778359511344,0.0529287226534933,0.01012216404886562,0.9748010015506055,0.9838960917887128,0.15000000000000002,1342,75,58,5672,ToN-IoT-Network,0,PlainKD_NoHardClassExtras,val,,3.920990467071533
0.9800872885979269,0.9684134776522545,0.9705531152620552,0.9800415830689917,0.9855952794168692,0.9890282131661442,0.9890282131661442,0.05220125786163522,0.0109717868338558,0.9710576267993314,0.9781824735728288,0.15000000000000002,1507,83,63,5679,ToN-IoT-Network,0,PlainKD_NoHardClassExtras,test,,3.920990467071533
0.9987467101140494,0.9984957589413642,0.9984957589413642,0.9987467101140494,0.999110161950525,0.999110161950525,0.999110161950525,0.00211864406779661,0.0008898380494749955,0.999724602664688,0.9998981655998642,0.655,2355,5,5,5614,ToN-IoT-Network,1,Full_AegisGraphX_backbone,val,,
0.9975117500691181,0.9959264530432413,0.9961754748935135,0.9975111250573427,0.998262682418346,0.9986096628432395,0.9986096628432395,0.006756756756756757,0.0013903371567605145,0.9997868697686216,0.9999436210743713,0.655,1470,10,8,5746,ToN-IoT-Network,1,Full_AegisGraphX_backbone,test,,
0.9986213811254543,0.9982838945345845,0.9983451314530591,0.9986212963862909,0.998932384341637,0.999110161950525,0.999110161950525,0.002542372881355932,0.0008898380494749955,0.9998913341839581,0.9999570124088204,0.655,2354,6,5,5614,ToN-IoT-Network,1,No_ExpertEnsemble_BestSingleExpert,val,LightGBM,
0.9972352778545757,0.9949998356020253,0.995746251744513,0.9972331904347951,0.9977430555555555,0.9987834549878345,0.9987834549878345,0.008783783783783784,0.0012165450121654502,0.9999212063993086,0.9999802747741748,0.655,1467,13,7,5747,ToN-IoT-Network,1,No_ExpertEnsemble_BestSingleExpert,test,LightGBM,
0.9986213811254543,0.9982838945345845,0.9983451314530591,0.9986212963862909,0.998932384341637,0.999110161950525,0.999110161950525,0.002542372881355932,0.0008898380494749955,0.9997519010862057,0.9999081443694195,0.5700000000000001,2354,6,5,5614,ToN-IoT-Network,1,No_MoERouter_EqualWeight,val,,
0.9979264583909317,0.996187141260134,0.9968104914285816,0.9979251543865354,0.998263587428373,0.9991310392770246,0.9991310392770246,0.006756756756756757,0.0008689607229753215,0.9996063842779171,0.9998851161334683,0.5700000000000001,1470,10,5,5749,ToN-IoT-Network,1,No_MoERouter_EqualWeight,test,,
0.9986213811254543,0.9982838945345845,0.9983451314530591,0.9986212963862909,0.998932384341637,0.999110161950525,0.999110161950525,0.002542372881355932,0.0008898380494749955,0.9997788978677067,0.9999105288732747,0.7100000000000001,2354,6,5,5614,ToN-IoT-Network,1,No_GraphBranch,val,,
0.9975117500691181,0.995675511277701,0.9961735521491488,0.9975104988321664,0.9980896144494616,0.9987834549878345,0.9987834549878345,0.007432432432432433,0.0012165450121654502,0.9999199147009367,0.9999791900890032,0.7100000000000001,1469,11,7,5747,ToN-IoT-Network,1,No_GraphBranch,test,,
0.9987467101140494,0.9984957589413642,0.9984957589413642,0.9987467101140494,0.999110161950525,0.999110161950525,0.999110161950525,0.00211864406779661,0.0008898380494749955,0.9998192422199499,0.9999211180029274,0.615,2355,5,5,5614,ToN-IoT-Network,1,No_TemporalBranch,val,,
0.9975117500691181,0.995675511277701,0.9961735521491488,0.9975104988321664,0.9980896144494616,0.9987834549878345,0.9987834549878345,0.007432432432432433,0.0012165450121654502,0.9999015960694793,0.9999743430726595,0.615,1469,11,7,5747,ToN-IoT-Network,1,No_TemporalBranch,test,,
0.9983707231482641,0.9978601657210253,0.9980437651419041,0.99837042245114,0.9985770188545002,0.999110161950525,0.999110161950525,0.003389830508474576,0.0008898380494749955,0.999724602664688,0.9998981655998642,0.5,2352,8,5,5614,ToN-IoT-Network,1,No_Calibration_Raw0.5,val,,
0.9973735139618468,0.9948357899087825,0.9959558847003149,0.997370535053756,0.9975707096998091,0.9991310392770246,0.9991310392770246,0.00945945945945946,0.0008689607229753215,0.9997868697686216,0.9999436210743713,0.5,1466,14,5,5749,ToN-IoT-Network,1,No_Calibration_Raw0.5,test,,
0.8345657350545181,0.7229194756893228,0.7555185144537362,0.8122994031330283,0.8116572422792518,0.996262680192205,0.996262680192205,0.5504237288135593,0.0037373198077949813,0.7757088163344101,0.8787815362718803,0.76,1061,1299,21,5598,ToN-IoT-Network,1,Full_DistilledStudent,val,,6.413711786270142
0.9314348907934753,0.8377022095087788,0.8803051909658586,0.9265252284157811,0.923485824742268,0.9963503649635036,0.9963503649635036,0.32094594594594594,0.0036496350364963502,0.9420797165778916,0.9721994831378722,0.76,1005,475,21,5733,ToN-IoT-Network,1,Full_DistilledStudent,test,,6.413711786270142
0.8657726532146885,0.7803431758470806,0.813918591608997,0.8540402408903238,0.8460133901399878,0.989499911016195,0.989499911016195,0.4288135593220339,0.010500088983804947,0.7687678910234947,0.8667482975262758,0.01,1348,1012,59,5560,ToN-IoT-Network,1,No_FocalLoss,val,,6.440997123718262
0.9651645009676527,0.9294194872662026,0.9445614125574284,0.9645291222774508,0.967062818336163,0.9899200556134863,0.9899200556134863,0.13108108108108107,0.01007994438651373,0.9703815911845108,0.9791985798144245,0.01,1286,194,58,5696,ToN-IoT-Network,1,No_FocalLoss,test,,6.440997123718262
0.8704098257927059,0.7899024873235783,0.8224478483921607,0.8601396941477374,0.8523128938066697,0.987008364477665,0.987008364477665,0.40720338983050847,0.012991635522334935,0.6996336581996313,0.8127654123795833,0.785,1399,961,73,5546,ToN-IoT-Network,1,No_ContrastiveLearning,val,,4.493085145950317
0.972905722974841,0.9556157173857904,0.9581444091448774,0.9728301296544828,0.9811288088642659,0.9848800834202294,0.9848800834202294,0.07364864864864865,0.015119916579770595,0.9474237075970654,0.9675036270448373,0.785,1371,109,87,5667,ToN-IoT-Network,1,No_ContrastiveLearning,test,,4.493085145950317
0.8833187116179972,0.8041059239082894,0.8395313622590165,0.8737691193513673,0.8590686274509803,0.998042356291155,0.998042356291155,0.3898305084745763,0.0019576437088449903,0.8323070031762693,0.9067801182102719,0.3,1440,920,11,5608,ToN-IoT-Network,1,No_HardClassMining,val,,6.497787952423096
0.9872822781310479,0.9711773948087816,0.9800893038675805,0.9871598586058646,0.9857584076870282,0.9984358706986444,0.9984358706986444,0.056081081081081084,0.0015641293013555788,0.9787369421037303,0.9824678256463073,0.3,1397,83,9,5745,ToN-IoT-Network,1,No_HardClassMining,test,,6.497787952423096
0.8793081839829553,0.7994152331224869,0.8340755343170106,0.8694603651526597,0.8567269384002452,0.99501690692294,0.99501690692294,0.3961864406779661,0.004983093077059975,0.8615068502447808,0.9219874491037017,0.19,1425,935,28,5591,ToN-IoT-Network,1,PlainKD_NoHardClassExtras,val,,3.8021843433380127
0.9811998894111141,0.9615823070202631,0.970551470869955,0.9810138480756825,0.9818181818181818,0.9947862356621481,0.9947862356621481,0.07162162162162163,0.005213764337851929,0.9768853512010446,0.9829346470714972,0.19,1374,106,30,5724,ToN-IoT-Network,1,PlainKD_NoHardClassExtras,test,,3.8021843433380127
0.9972744617061869,0.9949230912119902,0.9961529589397308,0.9972710649284996,0.9971711456859972,0.9992912827781715,0.9992912827781715,0.009445100354191263,0.0007087172218284905,0.9998615198344597,0.9999569935528949,0.325,1678,16,4,5640,ToN-IoT-Network,2,Full_AegisGraphX_backbone,val,,
0.9981285924341665,0.9960309818475992,0.9972995799128803,0.9981261923979168,0.9977659391648049,0.9998277940416739,0.9998277940416739,0.007765830346475508,0.00017220595832615808,0.9999493874961192,0.9999851496697295,0.325,1661,13,1,5806,ToN-IoT-Network,2,Full_AegisGraphX_backbone,test,,
0.9975470155355682,0.9965462586508267,0.9965462586508267,0.9975470155355682,0.9984053862508859,0.9984053862508859,0.9984053862508859,0.005312868949232586,0.0015946137491141034,0.9994563293803034,0.9996439110310076,0.37,1685,9,9,5635,ToN-IoT-Network,2,No_ExpertEnsemble_BestSingleExpert,val,LightGBM,
0.9985296083411309,0.9975647876054505,0.99788231076744,0.9985291388312852,0.9987951807228915,0.9993111761666954,0.9993111761666954,0.004181600955794504,0.0006888238333046323,0.999978499972945,0.9999937829670027,0.37,1667,7,4,5803,ToN-IoT-Network,2,No_ExpertEnsemble_BestSingleExpert,test,LightGBM,
0.9976832924502589,0.9958085693701955,0.9967320507140167,0.9976811299911466,0.9977003361047232,0.9992912827781715,0.9992912827781715,0.007674144037780401,0.0007087172218284905,0.9995568425518171,0.9998525384323949,0.41500000000000004,1681,13,4,5640,ToN-IoT-Network,2,No_MoERouter_EqualWeight,val,,
0.9982622644031547,0.996329667630156,0.9974930028581463,0.9982602224444203,0.9979374355448608,0.9998277940416739,0.9998277940416739,0.007168458781362007,0.00017220595832615808,0.9999383803052345,0.9999818153487493,0.41500000000000004,1662,12,1,5806,ToN-IoT-Network,2,No_MoERouter_EqualWeight,test,,
0.9975470155355682,0.9953068402507872,0.9965376630457576,0.9975439584356496,0.9973479490806223,0.9994684620836286,0.9994684620836286,0.00885478158205431,0.0005315379163713678,0.9998585912508984,0.9999558738164169,0.41000000000000003,1679,15,3,5641,ToN-IoT-Network,2,No_GraphBranch,val,,
0.9975939045582142,0.9950488215207658,0.9965265460839721,0.9975903012260128,0.9972513313863597,0.9996555880833476,0.9996555880833476,0.009557945041816009,0.00034441191665231615,0.9999765454250308,0.9999932260490869,0.41000000000000003,1658,16,2,5805,ToN-IoT-Network,2,No_GraphBranch,test,,
0.9974107386208776,0.9952182505980586,0.9963460698655909,0.9974077819543015,0.9973474801061007,0.9992912827781715,0.9992912827781715,0.00885478158205431,0.0007087172218284905,0.9997510703972917,0.9999162980259004,0.395,1679,15,4,5640,ToN-IoT-Network,2,No_TemporalBranch,val,,
0.997460232589226,0.9947501357382091,0.9963327917622788,0.9974561555370552,0.9970800412229475,0.9996555880833476,0.9996555880833476,0.01015531660692951,0.00034441191665231615,0.9999683157496031,0.9999908365775885,0.395,1657,17,2,5805,ToN-IoT-Network,2,No_TemporalBranch,test,,
0.9967293540474244,0.9951884418010957,0.9953931077635887,0.9967286778094264,0.9976974849450939,0.9980510276399717,0.9980510276399717,0.007674144037780401,0.0019489723600283487,0.9998615198344597,0.9999569935528949,0.5,1681,13,11,5633,ToN-IoT-Network,2,No_Calibration_Raw0.5,val,,
0.9982622644031547,0.9967548332369432,0.9974951424648186,0.9982609673370754,0.99828001375989,0.9994833821250215,0.9994833821250215,0.005973715651135006,0.0005166178749784743,0.9999493874961192,0.9999851496697295,0.5,1664,10,3,5804,ToN-IoT-Network,2,No_Calibration_Raw0.5,test,,
0.9458980648678114,0.9516094449330066,0.92770619708921,0.9472274895981684,0.9880930232558139,0.9409992912827781,0.9409992912827781,0.03778040141676505,0.05900070871722183,0.9708196979877285,0.9860202981064105,0.755,1630,64,333,5311,ToN-IoT-Network,2,Full_DistilledStudent,val,,5.691082954406738
0.9530811388851758,0.955747389289777,0.9353974988661236,0.9540705914054037,0.9881889763779528,0.9509213018770449,0.9509213018770449,0.03942652329749104,0.04907869812295505,0.976334385291595,0.9905338148569165,0.755,1608,66,285,5522,ToN-IoT-Network,2,Full_DistilledStudent,test,,5.691082954406738
0.9704279095121287,0.959086223357211,0.9584232954415645,0.9704492212794363,0.981373070782331,0.9801559177888023,0.9801559177888023,0.06198347107438017,0.019844082211197732,0.9841486231055202,0.9899613947879691,0.17500000000000002,1589,105,112,5532,ToN-IoT-Network,2,No_FocalLoss,val,,5.608754634857178
0.967651383504879,0.9519524802081449,0.9533013417956244,0.9676029387052818,0.9780106510908778,0.9803685207508179,0.9803685207508179,0.07646356033452807,0.019631479249182023,0.9838982285417901,0.9919610838424067,0.17500000000000002,1546,128,114,5693,ToN-IoT-Network,2,No_FocalLoss,test,,5.608754634857178
0.92886345053148,0.9333057976750394,0.9058823194089749,0.9309169217073464,0.981390977443609,0.9250531537916371,0.9250531537916371,0.05844155844155844,0.07494684620836287,0.9668187298816769,0.9872170884156235,0.55,1595,99,423,5221,ToN-IoT-Network,2,No_ContrastiveLearning,val,,3.0845015048980713
0.9324956556610079,0.9312206419187983,0.907899566071229,0.9341943509327284,0.9785198555956679,0.933528500086103,0.933528500086103,0.07108721624850657,0.06647149991389702,0.9677848326670383,0.9869287382628044,0.55,1555,119,386,5421,ToN-IoT-Network,2,No_ContrastiveLearning,test,,3.0845015048980713
0.9811937857726901,0.9681505032561666,0.9732318906779338,0.9810903328629131,0.9833216292134831,0.9923812898653437,0.9923812898653437,0.05608028335301062,0.007618710134656272,0.9798770225007257,0.9880924398750419,0.28,1599,95,43,5601,ToN-IoT-Network,2,No_HardClassMining,val,,5.477077960968018
0.9775431092099987,0.9619380083239052,0.9672999120163004,0.9774110020572736,0.981061252346016,0.990184260375409,0.990184260375409,0.06630824372759857,0.009815739624591011,0.9757393797581668,0.9857545873255178,0.28,1563,111,57,5750,ToN-IoT-Network,2,No_HardClassMining,test,,5.477077960968018
0.9866448623603161,0.9774780418988267,0.9810547686751436,0.9865943748107261,0.9882042253521127,0.9945074415308292,0.9945074415308292,0.03955135773317592,0.005492558469170801,0.9875944154421701,0.9873192899690431,0.42500000000000004,1627,67,31,5613,ToN-IoT-Network,2,PlainKD_NoHardClassExtras,val,,2.565577983856201
0.9850287394733325,0.9731372592588479,0.9782189147348728,0.9849473406598198,0.9861703943998634,0.9946616152918891,0.9946616152918891,0.04838709677419355,0.0053383847081109005,0.9863253141318546,0.987066878986051,0.42500000000000004,1593,81,31,5776,ToN-IoT-Network,2,PlainKD_NoHardClassExtras,test,,2.565577983856201
0.995677925404194,0.9468138977142257,0.9510645693410145,0.9956573567753038,0.9975643702157272,0.9980137603407322,0.9980137603407322,0.10438596491228071,0.001986239659267753,0.9990013837936639,0.999976802019723,0.165,1021,119,97,48739,CICIoT2023,0,Full_AegisGraphX_backbone,val,,
0.9946580769076868,0.9388297369987887,0.9454640395778937,0.994617661339111,0.9968612809256144,0.9976594739975774,0.9976594739975774,0.12,0.0023405260024226496,0.9988810723747483,0.9999707603807803,0.165,1122,153,114,48593,CICIoT2023,0,Full_AegisGraphX_backbone,test,,
0.9965383384024332,0.9622466816972811,0.9612587576250198,0.9965420371695776,0.9982797812864779,0.998177573920878,0.998177573920878,0.07368421052631578,0.0018224260791219592,0.9993822503675028,0.9999856488579969,0.47000000000000003,1056,84,89,48747,CICIoT2023,0,No_ExpertEnsemble_BestSingleExpert,val,CatBoost,
0.9954383578088112,0.9537419632480253,0.9540887877124811,0.9954366143517931,0.9976390400131393,0.9976800049274231,0.9976800049274231,0.09019607843137255,0.002319995072576837,0.999269726902402,0.9999809842967422,0.47000000000000003,1160,115,113,48594,CICIoT2023,0,No_ExpertEnsemble_BestSingleExpert,test,CatBoost,
0.99623819433328,0.9642348971782393,0.9583446588301057,0.9962620437451268,0.9983813465557514,0.9977680399705136,0.9977680399705136,0.06929824561403508,0.0022319600294864444,0.9991035517370707,0.99997923443889,0.42500000000000004,1061,79,109,48727,CICIoT2023,0,No_MoERouter_EqualWeight,val,,
0.9955984154295546,0.958788675139097,0.9560023358849485,0.9956117766846734,0.9979051570105358,0.997577350278194,0.997577350278194,0.08,0.0024226497218059004,0.9990030824574476,0.9999741005245281,0.42500000000000004,1173,102,118,48589,CICIoT2023,0,No_MoERouter_EqualWeight,test,,
0.995677925404194,0.9588079257033566,0.9522214445921393,0.9957089253695252,0.9981353223228556,0.997440412810222,0.997440412810222,0.07982456140350877,0.0025595871897780326,0.9979389485467292,0.9999379300553835,0.32,1049,91,125,48711,CICIoT2023,0,No_GraphBranch,val,,
0.9950982353647313,0.9550950159356246,0.9511323895545549,0.9951195649530716,0.997719990140498,0.9972488554006611,0.9972488554006611,0.08705882352941176,0.002751144599338904,0.9973413089957276,0.9999010596933106,0.32,1164,111,134,48573,CICIoT2023,0,No_GraphBranch,test,,
0.9952577237073795,0.9388884458258431,0.9459561852271838,0.9952195078624972,0.9971968162380046,0.9979523302481775,0.9979523302481775,0.12017543859649123,0.002047669751822426,0.998679522440305,0.9999690486955447,0.19,1003,137,100,48736,CICIoT2023,0,No_TemporalBranch,val,,
0.9940378536273058,0.9270547656515128,0.9384392806186116,0.993958259880683,0.9962480779087647,0.9976389430677315,0.9976389430677315,0.14352941176470588,0.0023610569322684623,0.9974662336653306,0.9999042897579156,0.19,1092,183,115,48592,CICIoT2023,0,No_TemporalBranch,test,,
0.9950376180566672,0.9739011916719476,0.9474465971892511,0.9951757138739787,0.9988705901679741,0.9960479973789828,0.9960479973789828,0.04824561403508772,0.003952002621017282,0.9990013837936639,0.999976802019723,0.5,1085,55,193,48643,CICIoT2023,0,No_Calibration_Raw0.5,val,,
0.9949381777439879,0.9756350276986399,0.9516560524955846,0.9950653892850092,0.9988263877450173,0.9959759377502208,0.9959759377502208,0.04470588235294118,0.004024062249779293,0.9988810723747483,0.9999707603807803,0.5,1218,57,196,48511,CICIoT2023,0,No_Calibration_Raw0.5,test,,
0.9863134304466143,0.8850507175465898,0.8574676296141373,0.9868015238077947,0.9948207826372903,0.9911540666721271,0.9911540666721271,0.22105263157894736,0.00884593332787288,0.9569746775099761,0.9981342905902848,0.01,888,252,432,48404,CICIoT2023,0,Full_DistilledStudent,val,,7.944852352142334
0.9844143891801048,0.8751444350914652,0.8526380916994509,0.9848799904004427,0.9936959208899876,0.9902888701829305,0.9902888701829305,0.24,0.009711129817069414,0.9503169693771117,0.9976085918282642,0.01,969,306,473,48234,CICIoT2023,0,Full_DistilledStudent,test,,7.944852352142334
0.9781094925564271,0.5612978202735112,0.5974987648983356,0.9710451920430809,0.9799348586593751,0.9980342370382504,0.9980342370382504,0.875438596491228,0.001965762961749529,0.5044937010804511,0.9759848536503641,0.01,142,998,96,48740,CICIoT2023,0,No_FocalLoss,val,,7.605351209640503
0.9757512704573647,0.5628950221351604,0.5998248847787452,0.9678981307020438,0.9776343047929363,0.9979469070154188,0.9979469070154188,0.8721568627450981,0.002053092984581272,0.5011272285619854,0.9729898651560832,0.01,163,1112,100,48607,CICIoT2023,0,No_FocalLoss,test,,7.605351209640503
0.982711701616776,0.8463690145176193,0.8205279849107266,0.9833534996032359,0.9930521295839501,0.989229257105414,0.989229257105414,0.2964912280701754,0.01077074289458596,0.9610120805330551,0.9983557296095671,0.01,802,338,526,48310,CICIoT2023,0,No_ContrastiveLearning,val,,4.297563314437866
0.9810931935496778,0.8394520335080877,0.8204653128195787,0.9816198200596756,0.99186439281595,0.988707988584803,0.988707988584803,0.30980392156862746,0.011292011415196994,0.9652603140749186,0.9984255287613766,0.01,880,395,550,48157,CICIoT2023,0,No_ContrastiveLearning,test,,4.297563314437866
0.9664238834640627,0.8821558873020048,0.7507634639761033,0.9720278627004562,0.9950659276056102,0.9704521254812024,0.9704521254812024,0.20614035087719298,0.029547874518797607,0.9808784197881057,0.9994821159653831,0.165,905,235,1443,47393,CICIoT2023,0,No_HardClassMining,val,,7.686368703842163
0.9624664879356568,0.8749580706078806,0.747986455301273,0.9686157528053739,0.9941542682283423,0.9671710431765455,0.9671710431765455,0.2172549019607843,0.03282895682345453,0.9766934494659342,0.999219939888206,0.165,998,277,1599,47108,CICIoT2023,0,No_HardClassMining,test,,7.686368703842163
0.9849127581238994,0.7716758416641161,0.8080272664129821,0.983895072896846,0.9895137644567519,0.9951060692931444,0.9951060692931444,0.4517543859649123,0.004893930706855599,0.7091536944991688,0.9811661076702203,0.17500000000000002,625,515,239,48597,CICIoT2023,0,PlainKD_NoHardClassExtras,val,,3.747375249862671
0.9832739786323076,0.7672478208028237,0.8067546140678252,0.9820250034340074,0.9880313997349373,0.9948877984683926,0.9948877984683926,0.4603921568627451,0.005112201531607367,0.7089415742070332,0.9790548950009565,0.17500000000000002,688,587,249,48458,CICIoT2023,0,PlainKD_NoHardClassExtras,test,,3.747375249862671
0.9959980790779575,0.9749448079832478,0.9570287650698546,0.9960734105809147,0.9988920349624523,0.9970100348146631,0.9970100348146631,0.04712041884816754,0.0029899651853368832,0.9991389259099223,0.9999798536367359,0.38,1092,54,146,48684,CICIoT2023,1,Full_AegisGraphX_backbone,val,,
0.9958579289644822,0.9690589331571033,0.9575213611524382,0.995908801063483,0.9985213784039101,0.9972311668068174,0.9972311668068174,0.059113300492610835,0.0027688331931825174,0.9990870074384166,0.999976794694282,0.38,1146,72,135,48622,CICIoT2023,1,Full_AegisGraphX_backbone,test,,
0.9964382903793821,0.9632403834366408,0.9604935746892074,0.9964488468303925,0.998320222877745,0.9980339954945731,0.9980339954945731,0.07155322862129145,0.0019660045054269914,0.9994536374550163,0.9999872274279868,0.47000000000000003,1064,82,96,48734,CICIoT2023,1,No_ExpertEnsemble_BestSingleExpert,val,CatBoost,
0.9963381690845423,0.9641017484483639,0.9616993594382583,0.9963476439935478,0.9982561956343344,0.9979900322005045,0.9979900322005045,0.06978653530377668,0.002009967799495457,0.9994919511873046,0.9999873418755958,0.47000000000000003,1133,85,98,48659,CICIoT2023,1,No_ExpertEnsemble_BestSingleExpert,test,CatBoost,
0.9961381463102289,0.9720340612567946,0.958173241143591,0.996194759173666,0.9987489489119957,0.9972967438050379,0.9972967438050379,0.053228621291448515,0.0027032561949621135,0.9990296140865539,0.9999774198467413,0.395,1085,61,132,48698,CICIoT2023,1,No_MoERouter_EqualWeight,val,,
0.9957578789394698,0.9638043552535407,0.9561360756005441,0.9957929151678679,0.9982551575490095,0.9973952458108579,0.9973952458108579,0.06978653530377668,0.0026047541891420717,0.999076196814382,0.9999770932214607,0.395,1133,85,127,48630,CICIoT2023,1,No_MoERouter_EqualWeight,test,,
0.9962181847286697,0.9823004733092944,0.9597707261248699,0.9963062979481917,0.999240480344863,0.9968871595330739,0.9968871595330739,0.03228621291448516,0.0031128404669260703,0.9983674885872167,0.9999609796821187,0.48000000000000004,1109,37,152,48678,CICIoT2023,1,No_GraphBranch,val,,
0.9959779889944973,0.9787265610263263,0.9594169100860195,0.996058920673997,0.9990134012990216,0.9968619890477265,0.9968619890477265,0.03940886699507389,0.0031380109522735197,0.9983814879278164,0.9999586102908136,0.48000000000000004,1170,48,153,48604,CICIoT2023,1,No_GraphBranch,test,,
0.9955578677765328,0.9521383265444562,0.950602440966057,0.9955654112662233,0.9978083650813158,0.9976448904362073,0.9976448904362073,0.09336823734729494,0.0023551095637927505,0.9990047566815669,0.9999767359555474,0.24000000000000002,1039,107,115,48715,CICIoT2023,1,No_TemporalBranch,val,,
0.9951975987993997,0.9499085778193004,0.9495487095473527,0.9951995193618773,0.9975592246949031,0.9975183050638883,0.9975183050638883,0.09770114942528736,0.0024816949361117376,0.9990112657142607,0.9999753834385187,0.24000000000000002,1099,119,121,48636,CICIoT2023,1,No_TemporalBranch,test,,
0.9958580118456859,0.9795597969805847,0.9560462212513701,0.995959292813285,0.9991172062657825,0.9966414089698955,0.9966414089698955,0.037521815008726006,0.003358591030104444,0.9991389259099223,0.9999798536367359,0.5,1103,43,164,48666,CICIoT2023,1,No_Calibration_Raw0.5,val,,
0.9957978989494748,0.977433504306215,0.9576484527511575,0.9958847649271987,0.9989516742379083,0.9967389297946961,0.9967389297946961,0.04187192118226601,0.003261070205303854,0.9990870074384166,0.999976794694282,0.5,1167,51,159,48598,CICIoT2023,1,No_Calibration_Raw0.5,test,,
0.9784496558348007,0.7499519649859059,0.7548356408411495,0.9782388273935028,0.9885217391304347,0.98943272578333,0.98943272578333,0.4895287958115183,0.01056727421667008,0.6112433473828601,0.9771326850887873,0.015,585,561,516,48314,CICIoT2023,1,Full_DistilledStudent,val,,9.298286437988281
0.9762281140570285,0.7372580714527017,0.7434909770976836,0.9759152098962529,0.9871776489625366,0.9884734499661587,0.9884734499661587,0.5139573070607554,0.011526550033841294,0.5962250361726511,0.9749885117282711,0.015,592,626,562,48195,CICIoT2023,1,Full_DistilledStudent,test,,9.298286437988281
0.9840323355210501,0.8047882045448129,0.8155379941099222,0.9837501240791087,0.9910243304027806,0.992647962318247,0.992647962318247,0.3830715532286213,0.007352037681753021,0.7798110962312171,0.9886476285017548,0.015,707,439,359,48471,CICIoT2023,1,No_FocalLoss,val,,8.69739580154419
0.9828114057028514,0.8042723468312225,0.8136844461864585,0.9825450025028739,0.9904365989515073,0.9919601288020182,0.9919601288020182,0.38341543513957305,0.008039871197981828,0.7761863371696229,0.9877988371058933,0.015,751,467,392,48365,CICIoT2023,1,No_FocalLoss,test,,8.69739580154419
0.8920281735232912,0.8940458741532666,0.6086854120621952,0.9263949600448622,0.9972751419673933,0.89193118984231,0.89193118984231,0.10383944153577661,0.10806881015768995,0.8796503272564037,0.9924462067363915,0.01,1027,119,5277,43553,CICIoT2023,1,No_ContrastiveLearning,val,,5.824056148529053
0.8936668334167084,0.8930719745416202,0.6164294688536405,0.9266322855731943,0.9970026312778858,0.8936973152572963,0.8936973152572963,0.10755336617405582,0.10630268474270362,0.869896396165657,0.991209060496796,0.01,1087,131,5183,43574,CICIoT2023,1,No_ContrastiveLearning,test,,5.824056148529053
0.987974227629262,0.8903132783575456,0.8720751661431049,0.9882544183431915,0.995011803345992,0.9926684415318452,0.9926684415318452,0.21204188481675393,0.007331558468154823,0.9421094269072564,0.9961870087511485,0.03,903,243,358,48472,CICIoT2023,1,No_HardClassMining,val,,8.94053840637207
0.9867133566783391,0.8819200833542894,0.8660884410798503,0.9869880186269515,0.9942855968262452,0.9920831880550485,0.9920831880550485,0.22824302134646962,0.007916811944951495,0.9491994463478663,0.9965023674896281,0.03,940,278,386,48371,CICIoT2023,1,No_HardClassMining,test,,8.94053840637207
0.9841523931487114,0.8010150970761187,0.8149622263127105,0.9837841882154448,0.9908448113785916,0.9929551505222199,0.9929551505222199,0.39092495636998253,0.007044849477780053,0.6885050227683822,0.975422588709909,0.165,698,448,344,48486,CICIoT2023,1,PlainKD_NoHardClassExtras,val,,5.3569276332855225
0.9827913956978489,0.7874514199687314,0.8068354380406055,0.9822085279847883,0.9895941940100174,0.9928010336977254,0.9928010336977254,0.4178981937602627,0.007198966302274545,0.6811143331934688,0.9730939016262529,0.165,709,509,351,48406,CICIoT2023,1,PlainKD_NoHardClassExtras,test,,5.3569276332855225
0.9959583024870445,0.9608974716509304,0.9554685601380635,0.9959820914957059,0.9982173592328498,0.9976449868938401,0.9976449868938401,0.07585004359197908,0.002355013106159895,0.9989139676870884,0.9999745618000541,0.28500000000000003,1060,87,115,48717,CICIoT2023,2,Full_AegisGraphX_backbone,val,,
0.9958986875800256,0.9576694372873685,0.9567507027232072,0.9959028036545559,0.9979494330182296,0.9978471253998196,0.9978471253998196,0.08250825082508251,0.0021528746001804313,0.9985322355330752,0.9999444853812155,0.28500000000000003,1112,100,105,48667,CICIoT2023,2,Full_AegisGraphX_backbone,test,,
0.9968986974529302,0.9720207285430909,0.9658728776813851,0.9969188804472836,0.998729534230856,0.9980955111402359,0.9980955111402359,0.05405405405405406,0.001904488859764089,0.9994422454839738,0.9999869597127169,0.42500000000000004,1085,62,93,48739,CICIoT2023,2,No_ExpertEnsemble_BestSingleExpert,val,CatBoost,
0.9964188540332907,0.9671886414836841,0.9625367013422532,0.9964366736150152,0.9984204156153199,0.9979086361026819,0.9979086361026819,0.06353135313531354,0.002091363897318133,0.9994534412023995,0.9999864832300779,0.42500000000000004,1135,77,102,48670,CICIoT2023,2,No_ExpertEnsemble_BestSingleExpert,test,CatBoost,
0.9963184537505753,0.9632101800411581,0.9592998069964845,0.996333986593019,0.9983200852249446,0.9979112057667103,0.9979112057667103,0.07149084568439407,0.002088794233289646,0.99917415195604,0.9999807340143202,0.33,1065,82,102,48730,CICIoT2023,2,No_MoERouter_EqualWeight,val,,
0.9962988156209988,0.9647133939589316,0.9611882424009797,0.9963128477383538,0.9982975406641642,0.9979086361026819,0.9979086361026819,0.06848184818481848,0.002091363897318133,0.9992239941003859,0.9999808170979257,0.33,1129,83,102,48670,CICIoT2023,2,No_MoERouter_EqualWeight,test,,
0.9953780587846895,0.9610262158191465,0.9497303861394553,0.9954346079949125,0.9982367293379534,0.9970306356487549,0.9970306356487549,0.07497820401046207,0.002969364351245085,0.9985304221880317,0.9999648042273778,0.29500000000000004,1061,86,145,48687,CICIoT2023,2,No_GraphBranch,val,,
0.9952184699103713,0.9593323239893906,0.9504524198541022,0.9952646389333926,0.9980502021632494,0.9970474862626096,0.9970474862626096,0.07838283828382839,0.002952513737390306,0.9984899342370059,0.9999599850822622,0.29500000000000004,1117,95,144,48628,CICIoT2023,2,No_GraphBranch,test,,
0.996058344504692,0.9528607361245531,0.955770884079961,0.9960456754919798,0.9978299588511065,0.9981364678899083,0.9981364678899083,0.09241499564080209,0.0018635321100917432,0.9983977948057556,0.9999616631254722,0.265,1041,106,91,48741,CICIoT2023,2,No_TemporalBranch,val,,
0.9956185979513444,0.9490778334374075,0.9532716968013356,0.9955981289030194,0.9975202377292756,0.9979906503731649,0.9979906503731649,0.09983498349834984,0.002009349626835069,0.9979968927959803,0.9999360486524425,0.265,1091,121,98,48674,CICIoT2023,2,No_TemporalBranch,test,,
0.9951779747493947,0.9800794510952842,0.9496406437225156,0.9953303215834072,0.9991576438682637,0.9959043250327654,0.9959043250327654,0.03574542284219703,0.0040956749672346,0.9989139676870884,0.9999745618000541,0.5,1106,41,200,48632,CICIoT2023,2,No_Calibration_Raw0.5,val,,
0.9957186299615877,0.984128276273867,0.9572671735683096,0.99583703196592,0.9993007855879571,0.9963093578282621,0.9963093578282621,0.028052805280528052,0.003690642171737882,0.9985322355330752,0.9999444853812155,0.5,1178,34,180,48592,CICIoT2023,2,No_Calibration_Raw0.5,test,,
0.9824726385081735,0.7850010598049959,0.7966093748623749,0.9821147378393283,0.9901071048973918,0.9919724770642202,0.9919724770642202,0.4219703574542284,0.008027522935779817,0.7964881693911178,0.9862141925261289,0.6900000000000001,663,484,392,48440,CICIoT2023,2,Full_DistilledStudent,val,,7.984275579452515
0.9813940460947503,0.7780570007300082,0.7928892008871992,0.9808959625797532,0.9892020123522435,0.991757565816452,0.991757565816452,0.43564356435643564,0.008242434183547937,0.7778780174417017,0.9837154225053819,0.6900000000000001,684,528,402,48370,CICIoT2023,2,Full_DistilledStudent,test,,7.984275579452515
0.9803317393305189,0.6251266017052862,0.6805454544804315,0.9758054716870661,0.9827088755725036,0.9974197247706422,0.9974197247706422,0.7471665213600698,0.0025802752293577983,0.5712008365460755,0.970197945314929,0.18000000000000002,290,857,126,48706,CICIoT2023,2,No_FocalLoss,val,,7.483520269393921
0.9793533930857875,0.6189115569475425,0.6750510427661615,0.9742575712177101,0.9814247105804526,0.997724103994095,0.997724103994095,0.7599009900990099,0.0022758960059050277,0.5574942282118805,0.9678083162687267,0.18000000000000002,291,921,111,48661,CICIoT2023,2,No_FocalLoss,test,,7.483520269393921
0.9708477560575441,0.5725969992949869,0.5907571215490256,0.9670520579468728,0.9803500091253827,0.9900065530799476,0.9900065530799476,0.8448125544899738,0.009993446920052424,0.389479576829292,0.9536757274107966,0.01,178,969,488,48344,CICIoT2023,2,No_ContrastiveLearning,val,,4.56134033203125
0.9707906530089628,0.5851566621437014,0.6075353920636282,0.9668021573805495,0.9798377281947261,0.990445337488723,0.990445337488723,0.8201320132013201,0.009554662511276962,0.4116032328238975,0.9529426758373691,0.01,218,994,466,48306,CICIoT2023,2,No_ContrastiveLearning,test,,4.56134033203125
0.9877148402328978,0.8451506083594904,0.8579452436285975,0.9874866452504875,0.9928653201406493,0.9945732306684142,0.9945732306684142,0.3042720139494333,0.005426769331585845,0.8452919841320625,0.9889322099931845,0.41500000000000004,798,349,265,48567,CICIoT2023,2,No_HardClassMining,val,,7.583389043807983
0.987335947503201,0.8430543589502065,0.8596868055807502,0.9870280366207452,0.992349704420398,0.9946895759862217,0.9946895759862217,0.3085808580858086,0.005310424013778397,0.8518573762362703,0.9886709331494564,0.41500000000000004,838,374,259,48513,CICIoT2023,2,No_HardClassMining,test,,7.583389043807983
0.9530202685127753,0.8290985797898901,0.6907068202805476,0.9624694113456569,0.992686649425531,0.9589818152031455,0.9589818152031455,0.3007846556233653,0.04101818479685452,0.813050630826785,0.9885296277035078,0.01,802,345,2003,46829,CICIoT2023,2,PlainKD_NoHardClassExtras,val,,3.6911425590515137
0.9539252560819462,0.8384048535666329,0.703041861100108,0.9627552943834422,0.9927261160004242,0.9598130074632986,0.9598130074632986,0.283003300330033,0.04018699253670139,0.8218423778427216,0.9882850252489219,0.01,869,343,1960,46812,CICIoT2023,2,PlainKD_NoHardClassExtras,test,,3.6911425590515137
