accuracy,balanced_accuracy,macro_f1,weighted_f1,precision_benign,recall_benign,f1_benign,precision_attack,recall_attack,f1_attack,minority_recall,fpr,fnr,roc_auc,pr_auc,threshold,threshold_key,tn,fp,fn,tp,dataset,seed,candidate,split,n_experts,latency_sec,peak_memory_MB,row_cap,post_determinism_fix,rl_train_time_sec,eval_latency_sec,n_rl_params,attack_recall,cumulative_reward,cumulative_reward_per_window,avg_detection_delay,telemetry_cost,escalation_rate,isolation_rate,abstention_rate,budget_violation_rate,calibration_violation_rate,commit_rate
0.947470168655423,0.9419088729543408,0.9429395300901796,0.9474080023349156,0.9318775662560657,0.9218980797636632,0.92686096157416,0.9561339832002489,0.9619196661450182,0.9590180986061992,0.9619196661450182,0.07810192023633677,0.03808033385498174,0.9912799283253545,0.9952439210087948,0.39,temperature,4993.0,423.0,365.0,9220.0,UNSW-NB15,0,A_TreeGuidedGraphMoE,val,9,139.88743829727173,964.448929,100000,True,,,,,,,,,,,,,,
0.9462,0.9415934408131357,0.9416821484383233,0.9461945893993272,0.9258780036968577,0.9250230840258541,0.9254503464203233,0.9576642335766423,0.9581637976004174,0.9579139504563233,0.9581637976004174,0.0749769159741459,0.04183620239958268,0.9916632492193337,0.9954402456712076,0.39,temperature,5009.0,406.0,401.0,9184.0,UNSW-NB15,0,A_TreeGuidedGraphMoE,test,9,139.88743829727173,964.448929,100000,True,,,,,,,,,,,,,,
0.945336977534831,0.9472665854528671,0.9414931965213926,0.9456608748165874,,,,0.9732210344455242,,,0.9542097488921714,0.04579025110782865,0.05967657798643714,0.9912799379569721,0.9952439333926056,,,,,,,UNSW-NB15,0,B_BudgetedRLInvestigation,val,9,165.6628291606903,0.499653,100000,True,25.77539086341858,9.98138952255249,9875.0,0.9403234220135629,22671.689999999984,96.47527659574462,0.0,0.0,0.0,0.512565828944737,0.0,0.0,0.030131324578361443,0.487434171055263
0.9468666666666666,0.9489040325878529,0.9431257545798242,0.9471807593633266,,,,0.9744115741740444,,,0.9562326869806094,0.04376731301939058,0.058424621804903494,0.9916632492193337,0.995440245635168,,,,,,,UNSW-NB15,0,B_BudgetedRLInvestigation,test,9,165.6628291606903,0.499653,100000,True,25.77539086341858,9.713110208511353,9875.0,0.9415753781950965,22441.35,95.49510638297872,0.0,0.0,0.0,0.4762,0.0,0.0,0.0286,0.5238
0.945336977534831,0.9472665854528671,0.9414931965213926,0.9456608748165874,,,,0.9732210344455242,,,0.9542097488921714,0.04579025110782865,0.05967657798643714,0.9912799379569721,0.9952439333926056,,,,,,,UNSW-NB15,0,C_SafetyShieldedRL,val,9,165.6628291606903,0.499653,100000,True,25.77539086341858,9.512983560562134,9875.0,0.9403234220135629,22671.689999999984,96.47527659574462,0.0,0.0,0.0,0.512565828944737,0.0,0.0,0.030131324578361443,0.487434171055263
0.9468666666666666,0.9489040325878529,0.9431257545798242,0.9471807593633266,,,,0.9744115741740444,,,0.9562326869806094,0.04376731301939058,0.058424621804903494,0.9916632492193337,0.995440245635168,,,,,,,UNSW-NB15,0,C_SafetyShieldedRL,test,9,165.6628291606903,0.499653,100000,True,25.77539086341858,9.444324493408203,9875.0,0.9415753781950965,22441.35,95.49510638297872,0.0,0.0,0.0,0.4762,0.0,0.0,0.0286,0.5238
0.9985479186834463,0.9972848485513104,0.9978948531328001,0.9985470268496714,0.9984365228267668,0.9950140230601433,0.9967223349461527,0.9985795454545454,0.9995556740424776,0.9990673713194476,0.9995556740424776,0.004985976939856653,0.0004443259575224385,0.9999557197129274,0.9999872552134019,0.385,temperature,3193.0,16.0,5.0,11248.0,ToN-IoT-Network,0,A_TreeGuidedGraphMoE,val,9,149.37395787239075,955.21368,100000,True,,,,,,,,,,,,,,
0.9988431439265056,0.9971149877842742,0.9981281699641904,0.998841963062221,0.9996427295462665,0.994314143567875,0.9969713165864956,0.9986550100874243,0.9999158320006734,0.9992850233418851,0.9999158320006734,0.005685856432125089,8.416799932665601e-05,0.9999172826573781,0.9999797157402077,0.385,temperature,2798.0,16.0,1.0,11880.0,ToN-IoT-Network,0,A_TreeGuidedGraphMoE,test,9,149.37395787239075,955.21368,100000,True,,,,,,,,,,,,,,
0.9983404784953672,0.997262929947672,0.9975954600050279,0.9983399232020825,,,,0.9986677324806821,,,0.9953256466188843,0.004674353381115612,0.0007997867235403892,0.9999557197129275,0.9999872552112138,,,,,,,ToN-IoT-Network,0,B_BudgetedRLInvestigation,val,9,164.75774431228638,0.501996,100000,True,15.38378643989563,6.676322937011719,9747.0,0.9992002132764596,24374.23000000002,107.85057522123903,0.0,0.0,0.0,0.0,0.0,0.0,0.0006223205642373116,1.0
0.9988431439265056,0.9975217848257959,0.9981296967537789,0.998842436453549,,,,0.9989066442388562,,,0.9953802416488984,0.004619758351101635,0.00033667199730662403,0.9999172826573781,0.9999797155651645,,,,,,,ToN-IoT-Network,0,B_BudgetedRLInvestigation,test,9,164.75774431228638,0.501996,100000,True,15.38378643989563,6.838924407958984,9747.0,0.9996633280026934,25601.80000000004,111.31217391304365,0.0,0.0,0.0,0.0,0.0,0.0,0.00047635250085062945,1.0
0.9983404784953672,0.997262929947672,0.9975954600050279,0.9983399232020825,,,,0.9986677324806821,,,0.9953256466188843,0.004674353381115612,0.0007997867235403892,0.9999557197129275,0.9999872552112138,,,,,,,ToN-IoT-Network,0,C_SafetyShieldedRL,val,9,164.75774431228638,0.501996,100000,True,15.38378643989563,6.791773319244385,9747.0,0.9992002132764596,24374.23000000002,107.85057522123903,0.0,0.0,0.0,0.0,0.0,0.0,0.0006223205642373116,1.0
0.9988431439265056,0.9975217848257959,0.9981296967537789,0.998842436453549,,,,0.9989066442388562,,,0.9953802416488984,0.004619758351101635,0.00033667199730662403,0.9999172826573781,0.9999797155651645,,,,,,,ToN-IoT-Network,0,C_SafetyShieldedRL,test,9,164.75774431228638,0.501996,100000,True,15.38378643989563,7.175609111785889,9747.0,0.9996633280026934,25601.80000000004,111.31217391304365,0.0,0.0,0.0,0.0,0.0,0.0,0.00047635250085062945,1.0
0.9943245515695067,0.9115673703520755,0.933690104736123,0.994171589748075,0.9210653753026634,0.8248048568950563,0.8702814001372684,0.9958707672809411,0.9983298838090945,0.9970988093349775,0.9983298838090945,0.17519514310494363,0.0016701161909055513,0.9987265385149736,0.9999700555307376,0.11,temperature,1902.0,404.0,163.0,97435.0,CICIoT2023,0,A_TreeGuidedGraphMoE,val,9,319.7462658882141,4130.011578,100000,True,,,,,,,,,,,,,,
0.9941152333390046,0.9135281293260096,0.934020769849839,0.993969028832566,0.9177449168207024,0.828881469115192,0.8710526315789474,0.9958058411334458,0.9981747895368273,0.9969889081207305,0.9981747895368273,0.17111853088480802,0.00182521046317279,0.998677235113768,0.9999676877291188,0.11,temperature,1986.0,410.0,178.0,97345.0,CICIoT2023,0,A_TreeGuidedGraphMoE,test,9,319.7462658882141,4130.011578,100000,True,,,,,,,,,,,,,,
0.9769178411274824,0.5,0.494162084434588,0.9655115133857887,,,,0.9769178411274824,,,0.0,1.0,0.0,0.9987265385149735,0.9999700555307238,,,,,,,CICIoT2023,0,B_BudgetedRLInvestigation,val,9,335.67548418045044,0.489308,100000,True,15.929218292236328,53.656901359558105,10131.0,1.0,256289.35999999967,164.1828058936577,0.0,0.0,0.0,1.0,0.0,0.0,0.0,0.0
0.9760205766671004,0.5,0.4939323953363519,0.9641763626614968,,,,0.9760205766671004,,,0.0,1.0,0.0,0.9986772351137679,0.9999676877291187,,,,,,,CICIoT2023,0,B_BudgetedRLInvestigation,test,9,335.67548418045044,0.489308,100000,True,15.929218292236328,70.5896668434143,10131.0,1.0,255843.71000000002,163.79238796414853,0.0,0.0,0.0,1.0,0.0,0.0,0.0,0.0
0.9769178411274824,0.5,0.494162084434588,0.9655115133857887,,,,0.9769178411274824,,,0.0,1.0,0.0,0.9987265385149735,0.9999700555307238,,,,,,,CICIoT2023,0,C_SafetyShieldedRL,val,9,335.67548418045044,0.489308,100000,True,15.929218292236328,79.29908323287964,10131.0,1.0,256289.35999999967,164.1828058936577,0.0,0.0,0.0,1.0,0.0,0.0,0.0,0.0
0.9760205766671004,0.5,0.4939323953363519,0.9641763626614968,,,,0.9760205766671004,,,0.0,1.0,0.0,0.9986772351137679,0.9999676877291187,,,,,,,CICIoT2023,0,C_SafetyShieldedRL,test,9,335.67548418045044,0.489308,100000,True,15.929218292236328,123.8986964225769,10131.0,1.0,255843.71000000002,163.79238796414853,0.0,0.0,0.0,1.0,0.0,0.0,0.0,0.0
0.946136924205053,0.9418374890580999,0.9416238169737762,0.946149908450264,0.9243681977494927,0.9264189314106119,0.9253924284395199,0.958455114822547,0.957256046705588,0.9578552055080325,0.957256046705588,0.07358106858938805,0.04274395329441201,0.9908149716801963,0.9949552679167378,0.44,temperature,5011.0,398.0,410.0,9182.0,UNSW-NB15,1,A_TreeGuidedGraphMoE,val,9,159.68636178970337,963.37332,100000,True,,,,,,,,,,,,,,
0.9470666666666666,0.9424038863389502,0.9425822472909233,0.947055969101362,0.9273939618447861,0.9256794231835829,0.9265358993338267,0.9581293615248412,0.9591283494943176,0.95862859524802,0.9591283494943176,0.07432057681641709,0.04087165050568241,0.9918779004142414,0.9955618296987635,0.44,temperature,5007.0,402.0,392.0,9199.0,UNSW-NB15,1,A_TreeGuidedGraphMoE,test,9,159.68636178970337,963.37332,100000,True,,,,,,,,,,,,,,
0.9460666666666666,0.9462147326914441,0.9420458319899643,0.9463037849859965,,,,0.9692274815685437,,,0.9467455621301775,0.05325443786982249,0.054316096747289405,0.9908132732651963,0.9949552677347309,,,,,,,UNSW-NB15,1,B_BudgetedRLInvestigation,val,9,177.6647720336914,0.502374,100000,True,17.978410243988037,7.293493032455444,9875.0,0.9456839032527106,23409.389999999974,99.61442553191478,0.0,0.0,0.0,0.589560695953603,6.666222251849876e-05,0.0,0.03613092460502633,0.4103726418238784
0.9470631375425028,0.9467922671124742,0.9430642944596249,0.9472723851805502,,,,0.9687733134391986,,,0.9458210059171598,0.054178994082840236,0.05223647169221145,0.9918763985467146,0.9955618296987636,,,,,,,UNSW-NB15,1,B_BudgetedRLInvestigation,test,9,177.6647720336914,0.502374,100000,True,17.978410243988037,7.640187978744507,9875.0,0.9477635283077885,23523.349999999995,100.09936170212764,0.0,0.0,0.0,0.5898,6.666666666666667e-05,0.0,0.03766666666666667,0.41013333333333335
0.9485683631730705,0.9488203058546526,0.9446963394993391,0.9487911075658573,,,,0.9710176041219407,,,0.9497206703910615,0.05027932960893855,0.05208005868175626,0.9913447531715213,0.9952543874061077,,,,,,,UNSW-NB15,1,C_SafetyShieldedRL,val,9,177.6647720336914,0.502374,100000,True,17.978410243988037,7.487241268157959,9875.0,0.9479199413182438,23436.839999999967,99.73123404255306,0.0,0.0,0.005799613359109393,0.589560695953603,6.666222251849876e-05,0.0,0.03033131124591694,0.404573028464769
0.9493899986593377,0.9490683731572696,0.945530489834834,0.9495795237715962,,,,0.9700438643414999,,,0.9479166666666666,0.052083333333333336,0.04977992035212744,0.9923644666811389,0.9958341934790227,,,,,,,UNSW-NB15,1,C_SafetyShieldedRL,test,9,177.6647720336914,0.502374,100000,True,17.978410243988037,7.811678647994995,9875.0,0.9502200796478726,23554.099999999984,100.23021276595738,0.0,0.0,0.0054,0.5897333333333333,6.666666666666667e-05,0.0,0.032266666666666666,0.4048
0.9968494013862634,0.9923260572987722,0.9951442148215349,0.9968403355314179,1.0,0.9846521145975443,0.9922667124935556,0.9960512460512461,1.0,0.9980217171495143,1.0,0.015347885402455661,0.0,0.9998883150969744,0.9999708525179285,0.05,temperature,2887.0,45.0,0.0,11351.0,ToN-IoT-Network,1,A_TreeGuidedGraphMoE,val,9,167.02480101585388,949.126269,100000,True,,,,,,,,,,,,,,
0.9964341286307054,0.9919801691455234,0.9948139768190901,0.9964237924342504,1.0,0.9839603382910469,0.9919153314714096,0.9954356846473029,1.0,0.9977126221667706,1.0,0.01603966170895305,0.0,0.9999589359375097,0.999987969670378,0.05,temperature,3374.0,55.0,0.0,11995.0,ToN-IoT-Network,1,A_TreeGuidedGraphMoE,test,9,167.02480101585388,949.126269,100000,True,,,,,,,,,,,,,,
0.9953791220331863,0.9957014533039321,0.9929579141923295,0.9953918424087084,,,,0.9990271513221898,,,0.9962482946793997,0.003751705320600273,0.004845388071535547,0.9998883150969744,0.9999708525140862,,,,,,,ToN-IoT-Network,1,B_BudgetedRLInvestigation,val,9,187.89737796783447,0.483957,100000,True,20.87257695198059,9.690314054489136,9747.0,0.9951546119284644,31064.939999999988,138.6827678571428,0.0002800532101099209,0.0002800532101099209,0.0,0.7902401456276693,0.0,0.0,0.00014002660505496044,0.19694742000980187
0.9984439834024896,0.9973334860167629,0.9977481335123426,0.9984433341373717,,,,0.9986669999166875,,,0.9953339165937591,0.004666083406240887,0.0006669445602334305,0.9999589359375097,0.9999879696691123,,,,,,,ToN-IoT-Network,1,B_BudgetedRLInvestigation,test,9,187.89737796783447,0.483957,100000,True,20.87257695198059,14.366504192352295,9747.0,0.9993330554397666,32935.00999999998,136.65979253112025,0.0,0.0,0.0,0.7765171161825726,0.0,0.0,0.00019450207468879667,0.2125259336099585
0.9953791220331863,0.9957014533039321,0.9929579141923295,0.9953918424087084,,,,0.9990271513221898,,,0.9962482946793997,0.003751705320600273,0.004845388071535547,0.9998883150969744,0.9999708525140862,,,,,,,ToN-IoT-Network,1,C_SafetyShieldedRL,val,9,187.89737796783447,0.483957,100000,True,20.87257695198059,14.079037189483643,9747.0,0.9951546119284644,31064.939999999988,138.6827678571428,0.0002800532101099209,0.0002800532101099209,0.0,0.7902401456276693,0.0,0.0,0.00014002660505496044,0.19694742000980187
0.9984439834024896,0.9973334860167629,0.9977481335123426,0.9984433341373717,,,,0.9986669999166875,,,0.9953339165937591,0.004666083406240887,0.0006669445602334305,0.9999589359375097,0.9999879696691123,,,,,,,ToN-IoT-Network,1,C_SafetyShieldedRL,test,9,187.89737796783447,0.483957,100000,True,20.87257695198059,15.196653842926025,9747.0,0.9993330554397666,32935.00999999998,136.65979253112025,0.0,0.0,0.0,0.7765171161825726,0.0,0.0,0.00019450207468879667,0.2125259336099585
0.9950656577788454,0.9576743696834215,0.9466113279523083,0.9951252183788444,0.8741229880313661,0.9184735472679966,0.8957496299429055,0.9980715773061576,0.9968751920988463,0.997473025961711,0.9968751920988463,0.08152645273200347,0.0031248079011536177,0.9989749530028146,0.9999758767359861,0.165,temperature,2118.0,188.0,305.0,97301.0,CICIoT2023,1,A_TreeGuidedGraphMoE,val,9,401.80708861351013,4130.010398,100000,True,,,,,,,,,,,,,,
0.9948848336820189,0.9527441940654328,0.9461064976119236,0.9949223002069885,0.8815896188158961,0.9084830756372754,0.8948343280510394,0.9977523015815997,0.9970053124935901,0.9973786671728079,0.9970053124935901,0.09151692436272461,0.0029946875064098617,0.9990132937611974,0.999975861782159,0.165,temperature,2174.0,219.0,292.0,97214.0,CICIoT2023,1,A_TreeGuidedGraphMoE,test,9,401.80708861351013,4130.010398,100000,True,,,,,,,,,,,,,,
0.9769196893266074,0.5,0.4941625573365465,0.9655142639801216,,,,0.9769196893266074,,,0.0,1.0,0.0,0.9989749530028146,0.9999758767359849,,,,,,,CICIoT2023,1,B_BudgetedRLInvestigation,val,9,420.9654314517975,0.495113,100000,True,19.158342838287354,56.57394218444824,10131.0,1.0,256310.87999999945,164.09147247119043,0.0,0.0,0.0,1.0,0.0,0.0,0.0,0.0
0.976045806264327,0.5,0.49393885666523135,0.9642138991981911,,,,0.976045806264327,,,0.0,1.0,0.0,0.9990132937611974,0.9999758617821555,,,,,,,CICIoT2023,1,B_BudgetedRLInvestigation,test,9,420.9654314517975,0.495113,100000,True,19.158342838287354,55.585339307785034,10131.0,1.0,255806.1099999997,163.87322869955136,0.0,0.0,0.0,1.0,0.0,0.0,0.0,0.0
0.9769196893266074,0.5,0.4941625573365465,0.9655142639801216,,,,0.9769196893266074,,,0.0,1.0,0.0,0.9989749530028146,0.9999758767359849,,,,,,,CICIoT2023,1,C_SafetyShieldedRL,val,9,420.9654314517975,0.495113,100000,True,19.158342838287354,63.90193486213684,10131.0,1.0,256310.87999999945,164.09147247119043,0.0,0.0,0.0,1.0,0.0,0.0,0.0,0.0
0.976045806264327,0.5,0.49393885666523135,0.9642138991981911,,,,0.976045806264327,,,0.0,1.0,0.0,0.9990132937611974,0.9999758617821555,,,,,,,CICIoT2023,1,C_SafetyShieldedRL,test,9,420.9654314517975,0.495113,100000,True,19.158342838287354,50.45237326622009,10131.0,1.0,255806.1099999997,163.87322869955136,0.0,0.0,0.0,1.0,0.0,0.0,0.0,0.0
0.947870141990534,0.9449919871022423,0.9436282376618848,0.9479484857885843,0.9217296113847838,0.9346901017576318,0.9281646151019658,0.9629201680672269,0.9552938724468528,0.9590918602218037,0.9552938724468528,0.06530989824236817,0.044706127553147144,0.9914698307458513,0.9953183242819804,0.44,temperature,5052.0,353.0,429.0,9167.0,UNSW-NB15,2,A_TreeGuidedGraphMoE,val,9,415.7625296115875,963.83558,100000,True,,,,,,,,,,,,,,
0.9425333333333333,0.9381546528965181,0.937730094044799,0.942561004419009,0.918401178854301,0.9224791859389454,0.9204356654975079,0.9562219203844948,0.9538301198540907,0.9550245225920901,0.9538301198540907,0.07752081406105459,0.04616988014590933,0.9910027915981141,0.9950744522874824,0.44,temperature,4986.0,419.0,443.0,9152.0,UNSW-NB15,2,A_TreeGuidedGraphMoE,test,9,415.7625296115875,963.83558,100000,True,,,,,,,,,,,,,,
0.9320423166577013,0.8812492470291788,0.8664140793626958,0.9333350703726452,,,,0.9679030715272612,,,0.8101822752985544,0.18981772470144564,0.04768378124019659,0.9738951712133233,0.9957343845623585,,,,,,,UNSW-NB15,2,B_BudgetedRLInvestigation,val,9,432.4923310279846,0.506152,100000,True,16.729801416397095,6.902724504470825,9875.0,0.9523162187598034,22222.559999999994,94.56408510638295,0.0,0.0,0.0,0.564562362509166,0.25644957002866475,0.0,0.02386507566162256,0.17158856076261583
0.9267570236064985,0.8654660865560964,0.854211873376311,0.9278647240808111,,,,0.963135593220339,,,0.7798861480075902,0.22011385199240988,0.04895397489539749,0.9721500612662396,0.9954953679568278,,,,,,,UNSW-NB15,2,B_BudgetedRLInvestigation,test,9,432.4923310279846,0.506152,100000,True,16.729801416397095,6.92235803604126,9875.0,0.9510460251046026,21964.049999999985,93.46404255319142,0.0,0.0,0.0,0.5558,0.25726666666666664,0.0,0.026933333333333333,0.17913333333333334
0.9333812820282298,0.8832209819046826,0.8684677652593457,0.9346356896340785,,,,0.9685936335569041,,,0.8131728942368588,0.18682710576314124,0.04673093042749371,0.9744016845149588,0.9958400997013871,,,,,,,UNSW-NB15,2,C_SafetyShieldedRL,val,9,432.4923310279846,0.506152,100000,True,16.729801416397095,6.9450294971466064,9875.0,0.9532690695725062,22238.459999999992,94.63174468085103,0.0,0.0,0.0021331911205919605,0.5646290247316845,0.25638290780614625,0.0,0.0217318845410306,0.16938870741950537
0.9288031723143475,0.8683671513899107,0.8574630403665664,0.9298391946126975,,,,0.9641036533559898,,,0.7841634738186463,0.21583652618135377,0.04742917103882476,0.972988438740872,0.9956599108066684,,,,,,,UNSW-NB15,2,C_SafetyShieldedRL,test,9,432.4923310279846,0.506152,100000,True,16.729801416397095,6.935798168182373,9875.0,0.9525708289611753,21988.96999999998,93.57008510638289,0.0,0.0,0.0032,0.5558,0.25706666666666667,0.0,0.023733333333333332,0.176
0.9989588394530436,0.9980660048634256,0.9984684976873326,0.9989584184039317,0.998719590268886,0.9964867454487384,0.9976019184652278,0.9990250819817424,0.9996452642781128,0.9993350769094375,0.9996452642781128,0.0035132545512615776,0.000354735721887194,0.999985526193398,0.9999959620083378,0.41000000000000003,temperature,3120.0,11.0,4.0,11272.0,ToN-IoT-Network,2,A_TreeGuidedGraphMoE,val,9,211.09277296066284,954.290397,100000,True,,,,,,,,,,,,,,
0.9987866531850353,0.997617369651268,0.9982552789718953,0.9987858743294646,0.9990958408679927,0.9954954954954955,0.9972924187725631,0.9986975774941391,0.9997392438070404,0.9992181391712275,0.9997392438070404,0.0045045045045045045,0.0002607561929595828,0.9999726975998162,0.999992035823048,0.41000000000000003,temperature,3315.0,15.0,3.0,11502.0,ToN-IoT-Network,2,A_TreeGuidedGraphMoE,test,9,211.09277296066284,954.290397,100000,True,,,,,,,,,,,,,,
0.9985423752342611,0.9972231959547212,0.9978549051085479,0.9985414480430664,,,,0.9985824399751927,,,0.9948898115618013,0.005110188438198659,0.00044341965235899253,0.999985526193398,0.9999959620083378,,,,,,,ToN-IoT-Network,2,B_BudgetedRLInvestigation,val,9,225.63022208213806,0.481874,100000,True,14.53744912147522,5.883143663406372,9747.0,0.999556580347641,30954.929999999968,136.96871681415914,0.0,0.0,0.0,0.7831609634205594,0.0,0.0,0.00013882140626084543,0.2078156451724856
0.9987192450286485,0.9973605287164609,0.9981577586439315,0.9987182166653065,,,,0.9985243055555556,,,0.9948948948948949,0.005105105105105105,0.0001738374619730552,0.9999726975998162,0.9999920358230479,,,,,,,ToN-IoT-Network,2,B_BudgetedRLInvestigation,test,9,225.63022208213806,0.481874,100000,True,14.53744912147522,6.139878034591675,9747.0,0.9998261625380269,31621.699999999968,136.3004310344826,0.0,0.0,0.0,0.7764745534209639,0.0,0.0,6.740815638692282e-05,0.21435793731041455
0.9985423752342611,0.9972231959547212,0.9978549051085479,0.9985414480430664,,,,0.9985824399751927,,,0.9948898115618013,0.005110188438198659,0.00044341965235899253,0.999985526193398,0.9999959620083378,,,,,,,ToN-IoT-Network,2,C_SafetyShieldedRL,val,9,225.63022208213806,0.481874,100000,True,14.53744912147522,5.885549068450928,9747.0,0.999556580347641,30954.929999999968,136.96871681415914,0.0,0.0,0.0,0.7831609634205594,0.0,0.0,0.00013882140626084543,0.2078156451724856
0.9987192450286485,0.9973605287164609,0.9981577586439315,0.9987182166653065,,,,0.9985243055555556,,,0.9948948948948949,0.005105105105105105,0.0001738374619730552,0.9999726975998162,0.9999920358230479,,,,,,,ToN-IoT-Network,2,C_SafetyShieldedRL,test,9,225.63022208213806,0.481874,100000,True,14.53744912147522,6.106648206710815,9747.0,0.9998261625380269,31621.699999999968,136.3004310344826,0.0,0.0,0.0,0.7764745534209639,0.0,0.0,6.740815638692282e-05,0.21435793731041455
0.9956860311486567,0.9649343794294545,0.9533062073507336,0.9957399070133729,0.8861386138613861,0.9326964828484585,0.9088216627882378,0.9984099954864388,0.9971722760104503,0.9977907519132293,0.9971722760104503,0.06730351715154147,0.0028277239895497155,0.9990226542274535,0.9999770798832353,0.255,temperature,2148.0,155.0,276.0,97329.0,CICIoT2023,2,A_TreeGuidedGraphMoE,val,9,479.27816677093506,4130.012631,100000,True,,,,,,,,,,,,,,
0.9955461697059471,0.9612332698533279,0.9538633449443029,0.9955817213997177,0.8953442101074413,0.9251644736842105,0.910010111223458,0.9981314360222174,0.9973020660224452,0.9977165786651478,0.9973020660224452,0.07483552631578948,0.0026979339775548305,0.9990483145201436,0.9999764126201172,0.255,temperature,2250.0,182.0,263.0,97219.0,CICIoT2023,2,A_TreeGuidedGraphMoE,test,9,479.27816677093506,4130.012631,100000,True,,,,,,,,,,,,,,
0.9769988389318173,0.5015095114621321,0.4972100779667973,0.9657213745105936,,,,0.9770167869548244,,,0.00303951367781155,0.9969604863221885,2.049075354746171e-05,0.9990226542274535,0.9999770798832341,,,,,,,CICIoT2023,2,B_BudgetedRLInvestigation,val,9,496.60087275505066,0.512924,100000,True,17.3227059841156,48.53639054298401,10131.0,0.9999795092464525,256325.91999999963,164.10110115236853,0.0,0.0,0.0,0.9999099171237539,0.0,0.0,0.0,9.008287624614645e-05
0.97571911844186,0.5016344785380081,0.49713068395244436,0.9638270757184793,,,,0.9757367072389493,,,0.003289473684210526,0.9967105263157895,2.0516608194333313e-05,0.9990483145201436,0.9999764126201031,,,,,,,CICIoT2023,2,B_BudgetedRLInvestigation,test,9,496.60087275505066,0.512924,100000,True,17.3227059841156,48.85000205039978,10131.0,0.9999794833918056,255648.45999999967,163.6673879641483,0.0,0.0,0.0,0.9998999139259763,0.0,0.0,0.0,0.00010008607402366035
0.9769988389318173,0.5015095114621321,0.4972100779667973,0.9657213745105936,,,,0.9770167869548244,,,0.00303951367781155,0.9969604863221885,2.049075354746171e-05,0.9990226542274535,0.9999770798832341,,,,,,,CICIoT2023,2,C_SafetyShieldedRL,val,9,496.60087275505066,0.512924,100000,True,17.3227059841156,48.932490825653076,10131.0,0.9999795092464525,256325.91999999963,164.10110115236853,0.0,0.0,0.0,0.9999099171237539,0.0,0.0,0.0,9.008287624614645e-05
0.97571911844186,0.5016344785380081,0.49713068395244436,0.9638270757184793,,,,0.9757367072389493,,,0.003289473684210526,0.9967105263157895,2.0516608194333313e-05,0.9990483145201436,0.9999764126201031,,,,,,,CICIoT2023,2,C_SafetyShieldedRL,test,9,496.60087275505066,0.512924,100000,True,17.3227059841156,58.800079345703125,10131.0,0.9999794833918056,255648.45999999967,163.6673879641483,0.0,0.0,0.0,0.9998999139259763,0.0,0.0,0.0,0.00010008607402366035
0.9452703153123125,0.9373663429484884,0.9401747084204501,0.9450875811227232,0.9365564685648767,0.9092764378478664,0.9227148639743952,0.9499385749385749,0.9654562480491103,0.957634552866505,0.9654562480491103,0.09072356215213358,0.03454375195088961,0.9908647597478848,0.9950203405707306,0.385,temperature,4901.0,489.0,332.0,9279.0,UNSW-NB15,3,A_TreeGuidedGraphMoE,val,9,258.8397376537323,963.754599,100000,True,,,,,,,,,,,,,,
0.946,0.9388330414939602,0.9410565186774864,0.9458588877338877,0.9348651728066844,0.9133580705009277,0.9239864864864865,0.9520238339839737,0.9643080124869927,0.9581265508684863,0.9643080124869927,0.08664192949907236,0.035691987513007284,0.9916409545560727,0.9954783892799234,0.385,temperature,4923.0,467.0,343.0,9267.0,UNSW-NB15,3,A_TreeGuidedGraphMoE,test,9,258.8397376537323,963.754599,100000,True,,,,,,,,,,,,,,
0.9430590745432724,0.9358282598695338,0.9378605538784455,0.9429224605838925,,,,0.9502313624678663,,,0.910154074624095,0.08984592537590495,0.038497554885027575,0.9908596723670129,0.9950203404470629,,,,,,,UNSW-NB15,3,B_BudgetedRLInvestigation,val,9,277.4904901981354,0.49934,100000,True,18.650752544403076,7.1675872802734375,9875.0,0.9615024451149724,23749.48999999998,101.061659574468,0.0,0.0,0.0,0.6343577094860343,0.0001999866675554963,0.0,0.009999333377774816,0.36544230384641024
0.9464666666666667,0.9400526855335833,0.9416516348376294,0.9463672148604972,,,,0.9540158779255593,,,0.9172541743970315,0.08274582560296846,0.03714880332986473,0.9916409545560728,0.9954783892250197,,,,,,,UNSW-NB15,3,B_BudgetedRLInvestigation,test,9,277.4904901981354,0.49934,100000,True,18.650752544403076,7.00026273727417,9875.0,0.9628511966701353,23973.94999999999,102.01680851063826,0.0,0.0,0.0,0.6346666666666667,0.0,0.0,0.010866666666666667,0.36533333333333334
0.943221243661596,0.9359735101459024,0.9380273637714716,0.9430835860936392,,,,0.9503137537290403,,,0.9102564102564102,0.08974358974358974,0.03830938996460546,0.9909258199287528,0.9950577638954735,,,,,,,UNSW-NB15,3,C_SafetyShieldedRL,val,9,277.4904901981354,0.49934,100000,True,18.650752544403076,6.689709424972534,9875.0,0.9616906100353946,23747.98999999998,101.0552765957446,0.0,0.0,0.0006666222251849877,0.6343577094860343,0.0001999866675554963,0.0,0.009332711152589827,0.36477568162122526
0.9466239658393382,0.940197715604774,0.9418171315706114,0.9465235445106042,,,,0.9540905808315279,,,0.9173630454967502,0.08263695450324977,0.03696761428720192,0.9917134955988588,0.9955186950159997,,,,,,,UNSW-NB15,3,C_SafetyShieldedRL,test,9,277.4904901981354,0.49934,100000,True,18.650752544403076,6.645574331283569,9875.0,0.963032385712798,23967.94999999999,101.99127659574464,0.0,0.0,0.0008,0.6346666666666667,0.0,0.0,0.010066666666666666,0.3645333333333333
0.9987457320047384,0.9973580483419248,0.9980198306693748,0.998744896579102,0.9985845718329794,0.9950634696755994,0.9968209113387495,0.9987852494577006,0.9996526270082501,0.99921875,0.9996526270082501,0.004936530324400564,0.00034737299174989145,0.9999764518837574,0.9999942152916012,0.325,temperature,2822.0,14.0,4.0,11511.0,ToN-IoT-Network,3,A_TreeGuidedGraphMoE,val,9,209.83760452270508,949.731456,100000,True,,,,,,,,,,,,,,
0.9985592665356909,0.9976515980295635,0.998083199437638,0.9985586409547473,0.9984313725490196,0.9958279009126467,0.9971279373368146,0.998602009611184,0.9994752951464801,0.9990384615384615,0.9994752951464801,0.0041720990873533245,0.000524704853519895,0.9999846305488365,0.9999948074566736,0.325,temperature,3819.0,16.0,6.0,11429.0,ToN-IoT-Network,3,A_TreeGuidedGraphMoE,test,9,209.83760452270508,949.731456,100000,True,,,,,,,,,,,,,,
0.9950751684810782,0.525,0.546384479717813,0.9928533485471451,,,,0.9950738916256158,,,0.05,0.95,0.0,0.9991864975971281,0.9999957484962072,,,,,,,ToN-IoT-Network,3,B_BudgetedRLInvestigation,val,9,225.90493249893188,0.511312,100000,True,16.067327976226807,6.647412300109863,9747.0,1.0,30552.79999999997,135.7902222222221,0.0008361786635077695,0.000557452442338513,0.0,0.8062852762873667,0.19350567904675633,0.0002787262211692565,0.0,0.00020904466587694237
0.9948757366128619,0.8913043478260869,0.9377158322747844,0.9945699869239714,,,,0.9947794309579744,,,0.782608695652174,0.21739130434782608,0.0,0.999814609882149,0.9999954844476973,,,,,,,ToN-IoT-Network,3,B_BudgetedRLInvestigation,test,9,225.90493249893188,0.511312,100000,True,16.067327976226807,7.363393068313599,9747.0,1.0,30022.79999999997,125.61841004184087,0.05671250818598559,0.007858546168958742,0.0,0.7526522593320236,0.2332023575638507,0.04885396201702685,0.0,0.013686967910936477
0.9950751684810782,0.525,0.546384479717813,0.9928533485471451,,,,0.9950738916256158,,,0.05,0.95,0.0,0.9991864975971281,0.9999957484962072,,,,,,,ToN-IoT-Network,3,C_SafetyShieldedRL,val,9,225.90493249893188,0.511312,100000,True,16.067327976226807,6.3880438804626465,9747.0,1.0,30552.79999999997,135.7902222222221,0.0008361786635077695,0.000557452442338513,0.0,0.8062852762873667,0.19350567904675633,0.0002787262211692565,0.0,0.00020904466587694237
0.9948757366128619,0.8913043478260869,0.9377158322747844,0.9945699869239714,,,,0.9947794309579744,,,0.782608695652174,0.21739130434782608,0.0,0.999814609882149,0.9999954844476973,,,,,,,ToN-IoT-Network,3,C_SafetyShieldedRL,test,9,225.90493249893188,0.511312,100000,True,16.067327976226807,7.0195019245147705,9747.0,1.0,30022.79999999997,125.61841004184087,0.05671250818598559,0.007858546168958742,0.0,0.7526522593320236,0.2332023575638507,0.04885396201702685,0.0,0.013686967910936477
0.9959560773950732,0.964644226005845,0.9568983178986425,0.9959897546043425,0.9004914004914005,0.9317796610169492,0.9158683881715952,0.9983480571715866,0.9975087909947408,0.9979282476256898,0.9975087909947408,0.06822033898305084,0.002491209005259219,0.999180709003261,0.9999803146958057,0.16,temperature,2199.0,161.0,243.0,97300.0,CICIoT2023,3,A_TreeGuidedGraphMoE,val,9,380.3582499027252,4130.010021,100000,True,,,,,,,,,,,,,,
0.9952059730173346,0.9604972688278659,0.949963496748121,0.995260735037469,0.8817204301075269,0.9240400667779632,0.9023843488893417,0.9981315127560186,0.9969544708777687,0.9975426446069001,0.9969544708777687,0.07595993322203673,0.003045529122231337,0.999042206658349,0.9999765934420828,0.16,temperature,2214.0,182.0,297.0,97223.0,CICIoT2023,3,A_TreeGuidedGraphMoE,test,9,380.3582499027252,4130.010021,100000,True,,,,,,,,,,,,,,
0.9769176100817794,0.5122676318153992,0.5181057455297287,0.9661016596428157,,,,0.9769433399104577,,,0.02457627118644068,0.9754237288135593,4.1007555642127065e-05,0.999180709003261,0.9999803146958024,,,,,,,CICIoT2023,3,B_BudgetedRLInvestigation,val,9,394.1363718509674,0.490355,100000,True,13.778121948242188,40.57350969314575,10131.0,0.9999589924443578,256146.26999999964,164.09114029468267,0.0,0.0,0.0,0.9993793980160756,0.0,0.0,0.0,0.0006206019839244067
0.976440209776212,0.5105965935158543,0.5148022346343637,0.9653752979156399,,,,0.9765161833039577,,,0.021285475792988316,0.9787145242070117,9.228876127973749e-05,0.9990422066583491,0.9999765934420749,,,,,,,CICIoT2023,3,B_BudgetedRLInvestigation,test,9,394.1363718509674,0.490355,100000,True,13.778121948242188,42.04812026023865,10131.0,0.9999077112387202,255937.3399999997,163.85233034571044,0.0,0.0,0.0,0.999399495576284,0.0,0.0,0.0,0.0006005044237159214
0.9769176100817794,0.5122676318153992,0.5181057455297287,0.9661016596428157,,,,0.9769433399104577,,,0.02457627118644068,0.9754237288135593,4.1007555642127065e-05,0.999180709003261,0.9999803146958024,,,,,,,CICIoT2023,3,C_SafetyShieldedRL,val,9,394.1363718509674,0.490355,100000,True,13.778121948242188,42.613282203674316,10131.0,0.9999589924443578,256146.26999999964,164.09114029468267,0.0,0.0,0.0,0.9993793980160756,0.0,0.0,0.0,0.0006206019839244067
0.976440209776212,0.5105965935158543,0.5148022346343637,0.9653752979156399,,,,0.9765161833039577,,,0.021285475792988316,0.9787145242070117,9.228876127973749e-05,0.9990422066583491,0.9999765934420749,,,,,,,CICIoT2023,3,C_SafetyShieldedRL,test,9,394.1363718509674,0.490355,100000,True,13.778121948242188,42.0943717956543,10131.0,0.9999077112387202,255937.3399999997,163.85233034571044,0.0,0.0,0.0,0.999399495576284,0.0,0.0,0.0,0.0006005044237159214
0.9443370441970536,0.9423248971081686,0.9400118676153575,0.9444777090759519,0.9130043227665706,0.935067330750784,0.9239041283149549,0.9627473806752037,0.9495824634655532,0.9561196069157601,0.9495824634655532,0.06493266924921601,0.050417536534446764,0.9905282711361022,0.9947891136882769,0.42000000000000004,temperature,5069.0,352.0,483.0,9097.0,UNSW-NB15,4,A_TreeGuidedGraphMoE,val,9,239.4907820224762,963.640344,100000,True,,,,,,,,,,,,,,
0.9430666666666667,0.9407263749046676,0.9386136753971661,0.9431989337340776,0.9120938628158844,0.9322878228782288,0.9220802919708029,0.9612050739957717,0.9491649269311064,0.9551470588235295,0.9491649269311064,0.06771217712177122,0.05083507306889353,0.9907359851782234,0.994947955818031,0.42000000000000004,temperature,5053.0,367.0,487.0,9093.0,UNSW-NB15,4,A_TreeGuidedGraphMoE,test,9,239.4907820224762,963.640344,100000,True,,,,,,,,,,,,,,
0.9431371241917206,0.945830083965588,0.9392643402202031,0.9435164280073048,,,,0.973829948962971,,,0.955543257701531,0.04445674229846892,0.06388308977035491,0.9905282711361022,0.9947891136168812,,,,,,,UNSW-NB15,4,B_BudgetedRLInvestigation,val,9,253.57104516029358,0.496084,100000,True,14.080263137817383,6.1527159214019775,9875.0,0.936116910229645,22774.06999999998,96.9109361702127,0.0,0.0,0.0,0.5454969668688754,0.0,0.0,0.027331511232584493,0.42883807746150254
0.9444666666666667,0.946949941837623,0.9406475262261813,0.944822985945608,,,,0.9740921409214092,,,0.9559040590405904,0.044095940959409594,0.062004175365344465,0.9907359851782234,0.994947955808873,,,,,,,UNSW-NB15,4,B_BudgetedRLInvestigation,test,9,253.57104516029358,0.496084,100000,True,14.080263137817383,6.022905349731445,9875.0,0.9379958246346556,22923.239999999987,97.54570212765952,0.0,0.0,0.0,0.5518,0.0,0.0,0.026733333333333335,0.4276
0.9431371241917206,0.945830083965588,0.9392643402202031,0.9435164280073048,,,,0.973829948962971,,,0.955543257701531,0.04445674229846892,0.06388308977035491,0.9905282711361022,0.9947891136168812,,,,,,,UNSW-NB15,4,C_SafetyShieldedRL,val,9,253.57104516029358,0.496084,100000,True,14.080263137817383,6.179567575454712,9875.0,0.936116910229645,22774.06999999998,96.9109361702127,0.0,0.0,0.0,0.5454969668688754,0.0,0.0,0.027331511232584493,0.42883807746150254
0.9444666666666667,0.946949941837623,0.9406475262261813,0.944822985945608,,,,0.9740921409214092,,,0.9559040590405904,0.044095940959409594,0.062004175365344465,0.9907359851782234,0.994947955808873,,,,,,,UNSW-NB15,4,C_SafetyShieldedRL,test,9,253.57104516029358,0.496084,100000,True,14.080263137817383,6.074369192123413,9875.0,0.9379958246346556,22923.239999999987,97.54570212765952,0.0,0.0,0.0,0.5518,0.0,0.0,0.026733333333333335,0.4276
0.9973665973665974,0.9972057746987055,0.9959480506306126,0.997369920268298,0.9901894451962111,0.9969346049046321,0.993550577053632,0.9992156179187729,0.9974769444927788,0.9983455242075931,0.9974769444927788,0.0030653950953678476,0.002523055507221159,0.9995992015025966,0.9997958198602337,0.435,temperature,2927.0,9.0,29.0,11465.0,ToN-IoT-Network,4,A_TreeGuidedGraphMoE,val,9,219.04202723503113,943.277252,100000,True,,,,,,,,,,,,,,
0.9980273623926185,0.9983523436407187,0.9975582743379738,0.9980289287435559,0.9938983050847457,0.9990913221263062,0.9964880480344398,0.999645704162976,0.9976133651551312,0.9986285006415078,0.9976133651551312,0.0009086778736937755,0.002386634844868735,0.9992097763554434,0.9997307490276789,0.435,temperature,4398.0,4.0,27.0,11286.0,ToN-IoT-Network,4,A_TreeGuidedGraphMoE,test,9,219.04202723503113,943.277252,100000,True,,,,,,,,,,,,,,
0.9973665973665974,0.9972057746987055,0.9959480506306126,0.997369920268298,,,,0.9992156179187729,,,0.9969346049046321,0.0030653950953678476,0.002523055507221159,0.9995992163189986,0.9997958119421914,,,,,,,ToN-IoT-Network,4,B_BudgetedRLInvestigation,val,9,232.73139119148254,0.472122,100000,True,13.689363956451416,6.039936542510986,9747.0,0.9974769444927788,24708.80000000001,109.33097345132748,0.0,0.0,0.0,0.0,0.0,0.0,0.0002772002772002772,1.0
0.997836461979001,0.9982197528160038,0.9973225327974824,0.9978384027427946,,,,0.9996456099937981,,,0.9990913221263062,0.0009086778736937755,0.0026518164942985947,0.9992097763554435,0.999730749027679,,,,,,,ToN-IoT-Network,4,B_BudgetedRLInvestigation,test,9,232.73139119148254,0.472122,100000,True,13.689363956451416,6.524600267410278,9747.0,0.9973481835057014,24761.800000000025,100.65772357723587,0.0,0.0,0.0,0.0003181673560292714,0.0,0.0,0.00044543429844097997,0.9991091314031181
0.9973665973665974,0.9972057746987055,0.9959480506306126,0.997369920268298,,,,0.9992156179187729,,,0.9969346049046321,0.0030653950953678476,0.002523055507221159,0.9995992163189986,0.9997958119421914,,,,,,,ToN-IoT-Network,4,C_SafetyShieldedRL,val,9,232.73139119148254,0.472122,100000,True,13.689363956451416,5.772350311279297,9747.0,0.9974769444927788,24708.80000000001,109.33097345132748,0.0,0.0,0.0,0.0,0.0,0.0,0.0002772002772002772,1.0
0.997836461979001,0.9982197528160038,0.9973225327974824,0.9978384027427946,,,,0.9996456099937981,,,0.9990913221263062,0.0009086778736937755,0.0026518164942985947,0.9992097763554435,0.999730749027679,,,,,,,ToN-IoT-Network,4,C_SafetyShieldedRL,test,9,232.73139119148254,0.472122,100000,True,13.689363956451416,6.258764266967773,9747.0,0.9973481835057014,24761.800000000025,100.65772357723587,0.0,0.0,0.0,0.0003181673560292714,0.0,0.0,0.00044543429844097997,0.9991091314031181
0.9955056854580397,0.96245393337251,0.9519901249247202,0.9955564695487443,0.8857609139126887,0.9277777777777778,0.9062826132331455,0.9982658307081362,0.997130088967242,0.997697636616295,0.997130088967242,0.07222222222222222,0.0028699110327579844,0.9988949484659991,0.9999712022047417,0.20500000000000002,temperature,2171.0,169.0,280.0,97284.0,CICIoT2023,4,A_TreeGuidedGraphMoE,val,9,397.3317058086395,4130.01035,100000,True,,,,,,,,,,,,,,
0.9953452521572004,0.9607689595424722,0.9506010167254119,0.9953965497818342,0.883617193836172,0.9244802715316079,0.9035869790586771,0.9981730848181296,0.9970576475533366,0.9976150543921466,0.9970576475533366,0.07551972846839203,0.002942352446663454,0.999126953509323,0.9999790153245247,0.20500000000000002,temperature,2179.0,178.0,287.0,97254.0,CICIoT2023,4,A_TreeGuidedGraphMoE,test,9,397.3317058086395,4130.01035,100000,True,,,,,,,,,,,,,,
0.9765775144138373,0.5,0.49407498936536554,0.9650050500969436,,,,0.9765775144138373,,,0.0,1.0,0.0,0.9988949484659992,0.9999712021979082,,,,,,,CICIoT2023,4,B_BudgetedRLInvestigation,val,9,410.7872166633606,0.49756,100000,True,13.45551085472107,42.636083364486694,10131.0,1.0,256105.7599999993,164.06518898142173,0.0,0.0,0.0,1.0,0.0,0.0,0.0,0.0
0.9764059340527338,0.5,0.49403106782347966,0.9647497324585083,,,,0.9764059340527338,,,0.0,1.0,0.0,0.999126953509323,0.9999790153245247,,,,,,,CICIoT2023,4,B_BudgetedRLInvestigation,test,9,410.7872166633606,0.49756,100000,True,13.45551085472107,42.377790689468384,10131.0,1.0,255997.81999999992,163.99604099935934,0.0,0.0,0.0,1.0,0.0,0.0,0.0,0.0
0.9765775144138373,0.5,0.49407498936536554,0.9650050500969436,,,,0.9765775144138373,,,0.0,1.0,0.0,0.9988949484659992,0.9999712021979082,,,,,,,CICIoT2023,4,C_SafetyShieldedRL,val,9,410.7872166633606,0.49756,100000,True,13.45551085472107,42.84144973754883,10131.0,1.0,256105.7599999993,164.06518898142173,0.0,0.0,0.0,1.0,0.0,0.0,0.0,0.0
0.9764059340527338,0.5,0.49403106782347966,0.9647497324585083,,,,0.9764059340527338,,,0.0,1.0,0.0,0.999126953509323,0.9999790153245247,,,,,,,CICIoT2023,4,C_SafetyShieldedRL,test,9,410.7872166633606,0.49756,100000,True,13.45551085472107,43.62366533279419,10131.0,1.0,255997.81999999992,163.99604099935934,0.0,0.0,0.0,1.0,0.0,0.0,0.0,0.0
0.944670355309646,0.9370418259188802,0.9396541007835157,0.9444987008195033,0.9352203647416414,0.9096452328159645,0.9222555264143875,0.949779192769847,0.9644384190217958,0.9570526751526441,0.9644384190217958,0.09035476718403547,0.035561580978204194,0.9904839937699615,0.9947328170402389,0.4,temperature,4923.0,489.0,341.0,9248.0,UNSW-NB15,5,A_TreeGuidedGraphMoE,val,9,288.3812608718872,963.69328,100000,True,,,,,,,,,,,,,,
0.946,0.9393303436390832,0.9412090542353297,0.9458814011557555,0.9336600075386355,0.9153732446415374,0.9244261989177085,0.9527542809985559,0.9632874426366291,0.957991909552951,0.9632874426366291,0.08462675535846267,0.03671255736337088,0.9913134751156365,0.995209605356605,0.4,temperature,4954.0,458.0,352.0,9236.0,UNSW-NB15,5,A_TreeGuidedGraphMoE,test,9,288.3812608718872,963.69328,100000,True,,,,,,,,,,,,,,
0.9414705686287581,0.9339755391529019,0.9362175744404122,0.9413143820419733,,,,0.9482350519707728,,,0.9070583887657059,0.09294161123429416,0.03910731045990197,0.9904839841352462,0.9947328156377315,,,,,,,UNSW-NB15,5,B_BudgetedRLInvestigation,val,9,303.23625469207764,0.482719,100000,True,14.85499382019043,7.114340543746948,9875.0,0.960892689540098,23688.91999999999,100.80391489361698,0.0,0.0,0.0,0.6448903406439571,0.0,0.0,0.007732817812145857,0.2581827878141457
0.9451333333333334,0.9386121741237892,0.9402926773154769,0.9450256624549216,,,,0.9525973355365073,,,0.9151884700665188,0.08481152993348115,0.03796412181894034,0.9913134751156363,0.9952096053030509,,,,,,,UNSW-NB15,5,B_BudgetedRLInvestigation,test,9,303.23625469207764,0.482719,100000,True,14.85499382019043,7.447588682174683,9875.0,0.9620358781810596,23865.05999999999,101.5534468085106,0.0,0.0,0.0,0.6406666666666667,0.0,0.0,0.007066666666666666,0.2833333333333333
0.9425041736227046,0.9349060588730809,0.937316521880524,0.9423391995538376,,,,0.9486096807415036,,,0.9076268048870788,0.09237319511292114,0.03781468714091716,0.9906612308551839,0.9948319837140289,,,,,,,UNSW-NB15,5,C_SafetyShieldedRL,val,9,303.23625469207764,0.482719,100000,True,14.85499382019043,7.449828147888184,9875.0,0.9621853128590828,23721.939999999984,100.94442553191483,0.0,0.0,0.001733217785480968,0.6448903406439571,0.0,0.0,0.005999600026664889,0.25658289447370175
0.946084981293426,0.9395101983079545,0.941306120139223,0.9459719714651481,,,,0.9530506721820062,,,0.9159103537692165,0.08408964623078348,0.036889957153307555,0.9915070991479381,0.9953184272139912,,,,,,,UNSW-NB15,5,C_SafetyShieldedRL,test,9,303.23625469207764,0.482719,100000,True,14.85499382019043,6.875877380371094,9875.0,0.9631100428466924,23880.709999999992,101.62004255319145,0.0,0.0,0.0021333333333333334,0.6406,0.0,0.0,0.005,0.28126666666666666
0.9982324058919804,0.9983598346277485,0.9975361611697388,0.998233863547187,0.9938650306748467,0.9985990473521995,0.9962264150943396,0.9995722474120968,0.9981206219032974,0.9988459072451379,0.9981206219032974,0.0014009526478005044,0.0018793780967025456,0.9999676868943357,0.9999901800779012,0.51,temperature,3564.0,5.0,22.0,11684.0,ToN-IoT-Network,5,A_TreeGuidedGraphMoE,val,9,258.25992941856384,951.772522,100000,True,,,,,,,,,,,,,,
0.9972517792967374,0.9971457165328378,0.9958528830592511,0.9972553435797983,0.9899497487437185,0.9969635627530364,0.9934442763489663,0.9991968588256291,0.9973278703126391,0.998261489769536,0.9973278703126391,0.003036437246963563,0.0026721296873608268,0.9999241514245287,0.9999799015539935,0.51,temperature,2955.0,9.0,30.0,11197.0,ToN-IoT-Network,5,A_TreeGuidedGraphMoE,test,9,258.25992941856384,951.772522,100000,True,,,,,,,,,,,,,,
0.9980360065466448,0.9979395488334083,0.9972616041295332,0.9980373412301163,,,,0.9993157714676703,,,0.9977584757635192,0.002241524236480807,0.0018793780967025456,0.9999676868943358,0.9999901800779012,,,,,,,ToN-IoT-Network,5,B_BudgetedRLInvestigation,val,9,271.9454810619354,0.48276,100000,True,13.685551643371582,6.603855133056641,9747.0,0.9981206219032974,32232.34999999998,134.86338912133883,0.0,0.0,0.0,0.7653682487725041,0.0,0.0,0.0001309328968903437,0.2241571194762684
0.9971108449016982,0.9964358682263826,0.9956358959292692,0.9971131690637154,,,,0.9987515605493134,,,0.99527665317139,0.004723346828609987,0.002404916718624744,0.9999241514245288,0.9999799015539935,,,,,,,ToN-IoT-Network,5,B_BudgetedRLInvestigation,test,9,271.9454810619354,0.48276,100000,True,13.685551643371582,5.876174688339233,9747.0,0.9975950832813753,30737.09,138.45536036036037,0.0,0.0,0.0,0.7901486857867662,0.0,0.0,0.0,0.19942216898033965
0.9980360065466448,0.9979395488334083,0.9972616041295332,0.9980373412301163,,,,0.9993157714676703,,,0.9977584757635192,0.002241524236480807,0.0018793780967025456,0.9999676868943358,0.9999901800779012,,,,,,,ToN-IoT-Network,5,C_SafetyShieldedRL,val,9,271.9454810619354,0.48276,100000,True,13.685551643371582,6.289061069488525,9747.0,0.9981206219032974,32232.34999999998,134.86338912133883,0.0,0.0,0.0,0.7653682487725041,0.0,0.0,0.0001309328968903437,0.2241571194762684
0.9971108449016982,0.9964358682263826,0.9956358959292692,0.9971131690637154,,,,0.9987515605493134,,,0.99527665317139,0.004723346828609987,0.002404916718624744,0.9999241514245288,0.9999799015539935,,,,,,,ToN-IoT-Network,5,C_SafetyShieldedRL,test,9,271.9454810619354,0.48276,100000,True,13.685551643371582,5.697205543518066,9747.0,0.9975950832813753,30737.09,138.45536036036037,0.0,0.0,0.0,0.7901486857867662,0.0,0.0,0.0,0.19942216898033965
0.9949954959463517,0.9645370327456906,0.9471075514360877,0.9950891904078722,0.8636182902584493,0.9325890940317733,0.8967795210569777,0.998388007597926,0.9964849714596079,0.9974355818151978,0.9964849714596079,0.0674109059682267,0.0035150285403920847,0.9988026417431837,0.9999716608244543,0.32,temperature,2172.0,157.0,343.0,97238.0,CICIoT2023,5,A_TreeGuidedGraphMoE,val,9,435.2600750923157,4130.011475,100000,True,,,,,,,,,,,,,,
0.9946554036471366,0.9600469495252384,0.9438050122436733,0.9947495670755171,0.8592944906856916,0.9237324243715381,0.8903490759753594,0.998162047827828,0.9963614746789385,0.9972609485119872,0.9963614746789385,0.07626757562846187,0.0036385253210614245,0.9987447298350461,0.9999700664108809,0.32,temperature,2168.0,179.0,355.0,97212.0,CICIoT2023,5,A_TreeGuidedGraphMoE,test,9,435.2600750923157,4130.011475,100000,True,,,,,,,,,,,,,,
0.9766890201181063,0.5,0.4941035287683996,0.9651709826994134,,,,0.9766890201181063,,,0.0,1.0,0.0,0.9988026417431837,0.9999716608244323,,,,,,,CICIoT2023,5,B_BudgetedRLInvestigation,val,9,449.3432276248932,0.516649,100000,True,14.083152532577515,43.79936504364014,10131.0,1.0,256181.29999999935,164.0085147247115,0.0,0.0,0.0,1.0,0.0,0.0,0.0,0.0
0.9765097984266469,0.5,0.4940576561795818,0.9649042844941301,,,,0.9765097984266469,,,0.0,1.0,0.0,0.998744729835046,0.9999700664108809,,,,,,,CICIoT2023,5,B_BudgetedRLInvestigation,test,9,449.3432276248932,0.516649,100000,True,14.083152532577515,44.193023920059204,10131.0,1.0,256094.85999999946,163.9531754161328,0.0,0.0,0.0,1.0,0.0,0.0,0.0,0.0
0.9766890201181063,0.5,0.4941035287683996,0.9651709826994134,,,,0.9766890201181063,,,0.0,1.0,0.0,0.9988026417431837,0.9999716608244323,,,,,,,CICIoT2023,5,C_SafetyShieldedRL,val,9,449.3432276248932,0.516649,100000,True,14.083152532577515,43.9683780670166,10131.0,1.0,256181.29999999935,164.0085147247115,0.0,0.0,0.0,1.0,0.0,0.0,0.0,0.0
0.9765097984266469,0.5,0.4940576561795818,0.9649042844941301,,,,0.9765097984266469,,,0.0,1.0,0.0,0.998744729835046,0.9999700664108809,,,,,,,CICIoT2023,5,C_SafetyShieldedRL,test,9,449.3432276248932,0.516649,100000,True,14.083152532577515,45.14728403091431,10131.0,1.0,256094.85999999946,163.9531754161328,0.0,0.0,0.0,1.0,0.0,0.0,0.0,0.0
0.9472701819878675,0.9402761431636288,0.9427199570066749,0.947118436074351,0.9388638073739654,0.9146050943741982,0.926575698505523,0.9518843572534847,0.9659471919530596,0.9588642155078267,0.9659471919530596,0.08539490562580172,0.03405280804694048,0.9912906490905579,0.995158182821444,0.35500000000000004,temperature,4991.0,466.0,325.0,9219.0,UNSW-NB15,6,A_TreeGuidedGraphMoE,val,9,666.3669891357422,964.427087,100000,True,,,,,,,,,,,,,,
0.9418666666666666,0.9324211576235732,0.9365821564103174,0.9415688790217362,0.9397659696911568,0.8977460142935679,0.9182755388940956,0.9429855931337489,0.9670963009535786,0.954888773926539,0.9670963009535786,0.1022539857064321,0.03290369904642146,0.9903666651554184,0.9946984041197738,0.35500000000000004,temperature,4899.0,558.0,314.0,9229.0,UNSW-NB15,6,A_TreeGuidedGraphMoE,test,9,666.3669891357422,964.427087,100000,True,,,,,,,,,,,,,,
0.9444818757579841,0.9389033668780735,0.9394566322186823,0.9444466191382042,,,,0.9554000417798203,,,0.9194035485088713,0.08059645149112873,0.041596814752724226,0.9910292699296291,0.9951581827441343,,,,,,,UNSW-NB15,6,B_BudgetedRLInvestigation,val,9,686.1150290966034,0.504043,100000,True,19.748039960861206,8.142618656158447,9875.0,0.9584031852472757,23629.260000000013,100.55004255319155,0.0,0.0,0.0,0.6352909806012933,0.010599293380441304,0.0,0.008399440037330844,0.3419772015198987
0.9374494472903747,0.9281553545291106,0.93133859392366,0.9372064490543736,,,,0.9432040333367631,,,0.8957113168335538,0.10428868316644625,0.039400607775332705,0.9900681828364096,0.9946984041175801,,,,,,,UNSW-NB15,6,B_BudgetedRLInvestigation,test,9,686.1150290966034,0.504043,100000,True,19.748039960861206,8.14557933807373,9875.0,0.9605993922246673,23377.109999999997,99.47706382978723,0.0,0.0,0.0,0.6451333333333333,0.010933333333333333,0.0,0.006266666666666667,0.3306
0.9444818757579841,0.9389033668780735,0.9394566322186823,0.9444466191382042,,,,0.9554000417798203,,,0.9194035485088713,0.08059645149112873,0.041596814752724226,0.9910292699296291,0.9951581827441343,,,,,,,UNSW-NB15,6,C_SafetyShieldedRL,val,9,686.1150290966034,0.504043,100000,True,19.748039960861206,8.40035629272461,9875.0,0.9584031852472757,23629.260000000013,100.55004255319155,0.0,0.0,0.0,0.6352909806012933,0.010599293380441304,0.0,0.008399440037330844,0.3419772015198987
0.9374494472903747,0.9281553545291106,0.93133859392366,0.9372064490543736,,,,0.9432040333367631,,,0.8957113168335538,0.10428868316644625,0.039400607775332705,0.9900681828364096,0.9946984041175801,,,,,,,UNSW-NB15,6,C_SafetyShieldedRL,test,9,686.1150290966034,0.504043,100000,True,19.748039960861206,8.25381875038147,9875.0,0.9605993922246673,23377.109999999997,99.47706382978723,0.0,0.0,0.0,0.6451333333333333,0.010933333333333333,0.0,0.006266666666666667,0.3306
0.9969120553359684,0.9968775289548684,0.9963791178142752,0.9969135995850652,0.9931986397279456,0.9967877936157398,0.9949899799599199,0.998570535155901,0.996967264293997,0.9977682556686306,0.996967264293997,0.0032122063842601888,0.003032735706003033,0.9999361233377227,0.9999717925605756,0.33,temperature,4965.0,16.0,34.0,11177.0,ToN-IoT-Network,6,A_TreeGuidedGraphMoE,val,9,790.0683825016022,945.669825,100000,True,,,,,,,,,,,,,,
0.9960721559499564,0.9946587173773002,0.9940150867873362,0.9960747081449473,0.9887679887679888,0.9922507925325819,0.990506329113924,0.9979814661895586,0.9970666422220185,0.9975238444607484,0.9970666422220185,0.007749207467418105,0.002933357777981483,0.9998880553075878,0.9999709792604216,0.33,temperature,2817.0,22.0,32.0,10877.0,ToN-IoT-Network,6,A_TreeGuidedGraphMoE,test,9,790.0683825016022,945.669825,100000,True,,,,,,,,,,,,,,
0.9966650197628458,0.9968664799218925,0.9960916172044153,0.9966676084877146,,,,0.9988375212375927,,,0.9973900823127886,0.0026099176872114035,0.003657122469003657,0.9999361233377227,0.9999717925605756,,,,,,,ToN-IoT-Network,6,B_BudgetedRLInvestigation,val,9,810.3674032688141,0.497797,100000,True,20.299020767211914,9.207304000854492,9747.0,0.9963428775309964,26091.730000000014,103.12936758893287,0.0,0.0,0.0,0.1495800395256917,0.0,0.0,6.175889328063241e-05,0.8436882411067194
0.9967267966249637,0.9962437825410903,0.9950183954841763,0.9967308283752647,,,,0.9988062442607897,,,0.995420922860162,0.004579077139837971,0.002933357777981483,0.9998880553075878,0.9999709792604216,,,,,,,ToN-IoT-Network,6,B_BudgetedRLInvestigation,test,9,810.3674032688141,0.497797,100000,True,20.299020767211914,7.66160249710083,9747.0,0.9970666422220185,23581.37000000003,109.68079069767457,0.0,0.0,0.0,0.017093395402967705,0.0,0.0,0.00036368926389292985,0.9823974396275822
0.9966650197628458,0.9968664799218925,0.9960916172044153,0.9966676084877146,,,,0.9988375212375927,,,0.9973900823127886,0.0026099176872114035,0.003657122469003657,0.9999361233377227,0.9999717925605756,,,,,,,ToN-IoT-Network,6,C_SafetyShieldedRL,val,9,810.3674032688141,0.497797,100000,True,20.299020767211914,9.648216962814331,9747.0,0.9963428775309964,26091.730000000014,103.12936758893287,0.0,0.0,0.0,0.1495800395256917,0.0,0.0,6.175889328063241e-05,0.8436882411067194
0.9967267966249637,0.9962437825410903,0.9950183954841763,0.9967308283752647,,,,0.9988062442607897,,,0.995420922860162,0.004579077139837971,0.002933357777981483,0.9998880553075878,0.9999709792604216,,,,,,,ToN-IoT-Network,6,C_SafetyShieldedRL,test,9,810.3674032688141,0.497797,100000,True,20.299020767211914,11.795429944992065,9747.0,0.9970666422220185,23581.37000000003,109.68079069767457,0.0,0.0,0.0,0.017093395402967705,0.0,0.0,0.00036368926389292985,0.9823974396275822
0.9955070346428643,0.9681776494015872,0.9523589916463506,0.9955828006192107,0.8767013610888711,0.9395109395109396,0.9070200869745288,0.9985528962601092,0.9968443592922349,0.9976978963181723,0.9968443592922349,0.06048906048906049,0.0031556407077651303,0.9990309459485615,0.9999770039690137,0.335,temperature,2190.0,141.0,308.0,97295.0,CICIoT2023,6,A_TreeGuidedGraphMoE,val,9,819.0021286010742,4130.0099,100000,True,,,,,,,,,,,,,,
0.9953559596849259,0.9701923924631215,0.9520540854727806,0.9954453443922546,0.8720434276851493,0.9437683592110785,0.9064893188230552,0.9986232971007047,0.9966164257151645,0.997618852122506,0.9966164257151645,0.056231640788921525,0.003383574284835435,0.9990720954448568,0.9999774592993629,0.335,temperature,2249.0,134.0,330.0,97200.0,CICIoT2023,6,A_TreeGuidedGraphMoE,test,9,819.0021286010742,4130.0099,100000,True,,,,,,,,,,,,,,
0.976674605239458,0.5,0.4940998395237348,0.9651495314314464,,,,0.976674605239458,,,0.0,1.0,0.0,0.9990309459485612,0.9999770039690126,,,,,,,CICIoT2023,6,B_BudgetedRLInvestigation,val,9,852.0163793563843,0.502952,100000,True,33.01425075531006,87.8622350692749,10131.0,1.0,256235.05999999942,164.04293213828387,0.0,0.0,0.0,1.0,0.0,0.0,0.0,0.0
0.9761492498473672,0.5,0.49396534696089506,0.9643678057729443,,,,0.9761492498473672,,,0.0,1.0,0.0,0.9990720954448568,0.9999774592993537,,,,,,,CICIoT2023,6,B_BudgetedRLInvestigation,test,9,852.0163793563843,0.502952,100000,True,33.01425075531006,53.38833522796631,10131.0,1.0,255897.76999999938,163.82699743918013,0.0,0.0,0.0,1.0,0.0,0.0,0.0,0.0
0.976674605239458,0.5,0.4940998395237348,0.9651495314314464,,,,0.976674605239458,,,0.0,1.0,0.0,0.9990309459485612,0.9999770039690126,,,,,,,CICIoT2023,6,C_SafetyShieldedRL,val,9,852.0163793563843,0.502952,100000,True,33.01425075531006,53.27873945236206,10131.0,1.0,256235.05999999942,164.04293213828387,0.0,0.0,0.0,1.0,0.0,0.0,0.0,0.0
0.9761492498473672,0.5,0.49396534696089506,0.9643678057729443,,,,0.9761492498473672,,,0.0,1.0,0.0,0.9990720954448568,0.9999774592993537,,,,,,,CICIoT2023,6,C_SafetyShieldedRL,test,9,852.0163793563843,0.502952,100000,True,33.01425075531006,52.92970275878906,10131.0,1.0,255897.76999999938,163.82699743918013,0.0,0.0,0.0,1.0,0.0,0.0,0.0,0.0
0.9476701553229785,0.9410962687383015,0.9430610358979403,0.947550283660331,0.9365467896817925,0.9173736628550351,0.926861082642318,0.9537667698658411,0.964818874621568,0.9592609891535627,0.964818874621568,0.08262633714496495,0.03518112537843199,0.9913718142427708,0.9952329859877619,0.4,temperature,4974.0,448.0,337.0,9242.0,UNSW-NB15,7,A_TreeGuidedGraphMoE,val,9,980.4619553089142,964.020454,100000,True,,,,,,,,,,,,,,
0.9451333333333334,0.9383504548532351,0.9403025380328807,0.945007666992028,0.9329693089813594,0.9138694208779048,0.9233206000186341,0.9518010114562906,0.9628314888285655,0.9572844760471272,0.9628314888285655,0.08613057912209517,0.037168511171434535,0.9909996292068254,0.9950679713595081,0.4,temperature,4955.0,467.0,356.0,9222.0,UNSW-NB15,7,A_TreeGuidedGraphMoE,test,9,980.4619553089142,964.020454,100000,True,,,,,,,,,,,,,,
0.9413319626991703,0.9369540010524162,0.9307676313247265,0.9417311037905731,,,,0.968086241861458,,,0.9261546060755742,0.07384539392442578,0.0522466039707419,0.988771767375254,0.9953523932703963,,,,,,,UNSW-NB15,7,B_BudgetedRLInvestigation,val,9,1002.8368146419525,0.490127,100000,True,22.37485933303833,14.052566289901733,9875.0,0.9477533960292581,22898.87,97.442,0.0,0.0,0.0,0.5863609092727151,0.0921271915205653,0.0,0.030597960135990934,0.15645623625091662
0.9395054459817486,0.9339800343355118,0.9283478153765621,0.9398841645140396,,,,0.9658994032395567,,,0.9204375932371954,0.07956240676280457,0.05247752456617186,0.9882771949552394,0.9952177300702609,,,,,,,UNSW-NB15,7,B_BudgetedRLInvestigation,test,9,1002.8368146419525,0.490127,100000,True,22.37485933303833,14.730047464370728,9875.0,0.9475224754338282,22878.53,97.35544680851064,0.0,0.0,0.0,0.592,0.09413333333333333,0.0,0.028666666666666667,0.15286666666666668
0.9446786480289919,0.9405380373079505,0.9345589940848527,0.9450402681624106,,,,0.9700772200772201,,,0.9303718492637884,0.06962815073621163,0.04929577464788732,0.9895055158622715,0.9956749490985419,,,,,,,UNSW-NB15,7,C_SafetyShieldedRL,val,9,1002.8368146419525,0.490127,100000,True,22.37485933303833,10.138957977294922,9875.0,0.9507042253521126,22946.51,97.64472340425532,0.0,0.0,0.006332911139257383,0.5861609226051596,0.09232717818812079,0.0,0.02433171121925205,0.1503233117792147
0.9424844352208717,0.9370401074495005,0.9317440440768822,0.9428215775437772,,,,0.9674448490040694,,,0.9237330657300552,0.07626693426994481,0.04965285083105407,0.9890175655822098,0.995536386195165,,,,,,,UNSW-NB15,7,C_SafetyShieldedRL,test,9,1002.8368146419525,0.490127,100000,True,22.37485933303833,10.053664922714233,9875.0,0.9503471491689459,22909.999999999993,97.48936170212762,0.0,0.0,0.006266666666666667,0.5918666666666667,0.09426666666666667,0.0,0.0224,0.14646666666666666
0.9959505833905284,0.9966759309059008,0.9935098103501548,0.9959634223757436,0.9813445969728969,0.9978525411596277,0.9895297249334516,0.9994884474379743,0.995499320652174,0.9974898957668581,0.995499320652174,0.0021474588403722263,0.004500679347826087,0.999741946907776,0.99992542641515,0.42000000000000004,temperature,2788.0,6.0,53.0,11723.0,ToN-IoT-Network,7,A_TreeGuidedGraphMoE,val,9,572.5405766963959,962.723014,100000,True,,,,,,,,,,,,,,
0.9986385783892233,0.997248554156673,0.9979389814488977,0.9986376319415116,0.998624011007912,0.9948594928032899,0.9967381974248927,0.9986424110779256,0.9996376155100561,0.9991397654729026,0.9996376155100561,0.005140507196710075,0.0003623844899438304,0.9999558196428041,0.9999880175782133,0.42000000000000004,temperature,2903.0,15.0,4.0,11034.0,ToN-IoT-Network,7,A_TreeGuidedGraphMoE,test,9,572.5405766963959,962.723014,100000,True,,,,,,,,,,,,,,
0.9957446808510638,0.9962755618600417,0.9931788803626026,0.9957578888661119,,,,0.9993179880647911,,,0.9971367215461704,0.002863278453829635,0.004585597826086957,0.9997419317111979,0.9999254254395504,,,,,,,ToN-IoT-Network,7,B_BudgetedRLInvestigation,val,9,606.8820624351501,0.534086,100000,True,34.34148573875427,14.159393072128296,9747.0,0.9954144021739131,32221.559999999954,141.32263157894715,0.0,0.0,0.0,0.8014413177762526,0.0,0.0,6.863417982155113e-05,0.1837336993822924
0.9987102321582115,0.9975459565752107,0.9980481960871431,0.9987095805479053,,,,0.998823103385841,,,0.9955448937628513,0.004455106237148732,0.000452980612429788,0.9999558196428041,0.9999880175698486,,,,,,,ToN-IoT-Network,7,B_BudgetedRLInvestigation,test,9,606.8820624351501,0.534086,100000,True,34.34148573875427,13.165636539459229,9747.0,0.9995470193875702,30339.469999999965,138.53639269406378,0.0,0.0,0.0,0.791200917168243,0.0,0.0,0.00021496130696474635,0.1971195184866724
0.9957446808510638,0.9962755618600417,0.9931788803626026,0.9957578888661119,,,,0.9993179880647911,,,0.9971367215461704,0.002863278453829635,0.004585597826086957,0.9997419317111979,0.9999254254395504,,,,,,,ToN-IoT-Network,7,C_SafetyShieldedRL,val,9,606.8820624351501,0.534086,100000,True,34.34148573875427,13.838981628417969,9747.0,0.9954144021739131,32221.559999999954,141.32263157894715,0.0,0.0,0.0,0.8014413177762526,0.0,0.0,6.863417982155113e-05,0.1837336993822924
0.9987102321582115,0.9975459565752107,0.9980481960871431,0.9987095805479053,,,,0.998823103385841,,,0.9955448937628513,0.004455106237148732,0.000452980612429788,0.9999558196428041,0.9999880175698486,,,,,,,ToN-IoT-Network,7,C_SafetyShieldedRL,test,9,606.8820624351501,0.534086,100000,True,34.34148573875427,10.714654445648193,9747.0,0.9995470193875702,30339.469999999965,138.53639269406378,0.0,0.0,0.0,0.791200917168243,0.0,0.0,0.00021496130696474635,0.1971195184866724
0.9956761950516454,0.9691731374250574,0.9538924440068914,0.9957464848170501,0.8806451612903226,0.9413793103448276,0.91,0.9986041546925035,0.9969669645052873,0.997784888013783,0.9969669645052873,0.05862068965517241,0.0030330354947126813,0.9990289578215853,0.9999768097678929,0.38,temperature,2184.0,136.0,296.0,97296.0,CICIoT2023,7,A_TreeGuidedGraphMoE,val,9,1264.2402081489563,4130.009976,100000,True,,,,,,,,,,,,,,
0.9957060065861251,0.9738913730211013,0.9550614180655452,0.9957911337580744,0.8766692851531814,0.9510012782275244,0.9123237277743715,0.9988188288945266,0.9967814678146781,0.9977991083567189,0.9967814678146781,0.0489987217724755,0.0032185321853218534,0.9989368259149143,0.9999714430589575,0.38,temperature,2232.0,115.0,314.0,97246.0,CICIoT2023,7,A_TreeGuidedGraphMoE,test,9,1264.2402081489563,4130.009976,100000,True,,,,,,,,,,,,,,
0.9767795660180959,0.5,0.4941267012313675,0.965305729573457,,,,0.9767795660180959,,,0.0,1.0,0.0,0.9990289578215852,0.9999768097673009,,,,,,,CICIoT2023,7,B_BudgetedRLInvestigation,val,9,1288.2511866092682,0.483664,100000,True,24.01097846031189,56.04313111305237,10131.0,1.0,256235.27999999977,164.04307298335453,0.0,0.0,0.0,1.0,0.0,0.0,0.0,0.0
0.9765081525819012,0.5,0.49405723487975206,0.9649018354042982,,,,0.9765081525819012,,,0.0,1.0,0.0,0.9989368543025012,0.9999714448960304,,,,,,,CICIoT2023,7,B_BudgetedRLInvestigation,test,9,1288.2511866092682,0.483664,100000,True,24.01097846031189,62.094221353530884,10131.0,1.0,256076.02999999965,163.9411203585145,0.0,0.0,0.0,1.0,0.0,0.0,0.0,0.0
0.9767795660180959,0.5,0.4941267012313675,0.965305729573457,,,,0.9767795660180959,,,0.0,1.0,0.0,0.9990289578215852,0.9999768097673009,,,,,,,CICIoT2023,7,C_SafetyShieldedRL,val,9,1288.2511866092682,0.483664,100000,True,24.01097846031189,63.53437161445618,10131.0,1.0,256235.27999999977,164.04307298335453,0.0,0.0,0.0,1.0,0.0,0.0,0.0,0.0
0.9765081525819012,0.5,0.49405723487975206,0.9649018354042982,,,,0.9765081525819012,,,0.0,1.0,0.0,0.9989368543025012,0.9999714448960304,,,,,,,CICIoT2023,7,C_SafetyShieldedRL,test,9,1288.2511866092682,0.483664,100000,True,24.01097846031189,73.13864207267761,10131.0,1.0,256076.02999999965,163.9411203585145,0.0,0.0,0.0,1.0,0.0,0.0,0.0,0.0
0.9459369375374975,0.9422814514880817,0.9415585036640473,0.9459806578952207,0.9220921726408193,0.9290584116454763,0.9255621844882974,0.9596139725165216,0.9555044913306873,0.957554822839797,0.9555044913306873,0.07094158835452367,0.04449550866931272,0.9912372465982109,0.9952015816224451,0.465,temperature,5042.0,385.0,426.0,9148.0,UNSW-NB15,8,A_TreeGuidedGraphMoE,val,9,789.2716615200043,964.047452,100000,True,,,,,,,,,,,,,,
0.9450666666666667,0.9410769784334969,0.9405842357863647,0.9450971297891543,0.9218921892189219,0.9266494655363067,0.924264705882353,0.9583071443536559,0.9555044913306873,0.9569037656903766,0.9555044913306873,0.07335053446369333,0.04449550866931272,0.9908318665608286,0.9949701063040812,0.465,temperature,5028.0,398.0,426.0,9148.0,UNSW-NB15,8,A_TreeGuidedGraphMoE,test,9,789.2716615200043,964.047452,100000,True,,,,,,,,,,,,,,
0.9450387804225728,0.9436069849463007,0.9407311692628318,0.9452097173733564,,,,0.9648396005948587,,,0.9384986993682646,0.061501300631735416,0.05128472947566325,0.9911639794292995,0.9952015816146393,,,,,,,UNSW-NB15,8,B_BudgetedRLInvestigation,val,9,813.7841291427612,0.490503,100000,True,24.512467622756958,7.957483768463135,9875.0,0.9487152705243368,23291.239999999972,99.11165957446796,0.0,0.0,0.0,0.5671621891873875,0.0029998000133324445,0.0,0.03819745350309979,0.42983801079928
0.9441467988213234,0.9424727041236246,0.9396832331402964,0.9443160231233614,,,,0.9639065817409767,,,0.9365434863755132,0.06345651362448675,0.05159807812826405,0.9907155110039296,0.994970106241792,,,,,,,UNSW-NB15,8,B_BudgetedRLInvestigation,test,9,813.7841291427612,0.490503,100000,True,24.512467622756958,9.29911732673645,9875.0,0.948401921871736,23126.84999999998,98.41212765957438,0.0,0.0,0.0,0.558,0.004533333333333334,0.0,0.0362,0.43746666666666667
0.9526526730521024,0.9517486320188823,0.9488209270472168,0.9528001210736411,,,,0.9708508120899215,,,0.9485670905295123,0.05143290947048776,0.04506982649174778,0.9926338968569264,0.9960273353924689,,,,,,,UNSW-NB15,8,C_SafetyShieldedRL,val,9,813.7841291427612,0.490503,100000,True,24.512467622756958,18.23671531677246,9875.0,0.9549301735082523,23405.389999999974,99.59740425531903,0.0,0.0,0.01566562229184721,0.5675621625224985,0.0029998000133324445,0.0,0.022531831211252584,0.41377241517232183
0.951048951048951,0.9496212679921353,0.9469850180784499,0.9511874715695248,,,,0.9688236554531819,,,0.944634703196347,0.055365296803652965,0.04539216721207643,0.9920477545651256,0.9957178530586295,,,,,,,UNSW-NB15,8,C_SafetyShieldedRL,test,9,813.7841291427612,0.490503,100000,True,24.512467622756958,14.38475513458252,9875.0,0.9546078327879236,23267.24999999997,99.00957446808498,0.0,0.0,0.013733333333333334,0.5577333333333333,0.004333333333333333,0.0,0.022466666666666666,0.4242
0.9986088891980246,0.9971828039820936,0.9978289928290471,0.9986079841308678,0.9982608695652174,0.9948006932409013,0.9965277777777778,0.9986958789775692,0.9995649147232858,0.9991302078803166,0.9995649147232858,0.005199306759098787,0.000435085276714236,0.9999593116091309,0.9999896047998649,0.405,temperature,2870.0,15.0,5.0,11487.0,ToN-IoT-Network,8,A_TreeGuidedGraphMoE,val,9,678.9362580776215,952.170335,100000,True,,,,,,,,,,,,,,
0.9983396426911071,0.9969894629267861,0.9976477802778763,0.9983385412691904,0.9982553067752253,0.9944959443800695,0.9963720795240169,0.9983646066448614,0.9994829814735028,0.9989234810317358,0.9994829814735028,0.005504055619930475,0.0005170185264971995,0.9999832752794151,0.9999950235238031,0.405,temperature,3433.0,19.0,6.0,11599.0,ToN-IoT-Network,8,A_TreeGuidedGraphMoE,test,9,678.9362580776215,952.170335,100000,True,,,,,,,,,,,,,,
0.9766988940669125,0.9423304796162925,0.9620303852939571,0.9761588381821427,,,,0.9719143896455461,,,0.8849220103986135,0.11507798960138649,0.0002610511660285416,0.9999593116091309,0.9999896047991264,,,,,,,ToN-IoT-Network,8,B_BudgetedRLInvestigation,val,9,700.7746651172638,0.503594,100000,True,21.838407039642334,9.278327941894531,9747.0,0.9997389488339714,29966.32999999997,133.18368888888875,0.0,0.0,0.0,0.8220769284273493,0.0,0.0,0.0,0.1471795228489949
0.9870492129906356,0.9719590214390947,0.9813094535901004,0.9869178258806761,,,,0.9836385215327229,,,0.944090382387022,0.05590961761297798,0.00017233950883239983,0.9999832752794152,0.9999950235238031,,,,,,,ToN-IoT-Network,8,B_BudgetedRLInvestigation,test,9,700.7746651172638,0.503594,100000,True,21.838407039642334,9.858043670654297,9747.0,0.9998276604911676,30984.929999999986,131.29207627118637,0.0,0.0,0.0,0.7830245068738793,0.0,0.0,0.0,0.19246861924686193
0.9766988940669125,0.9423304796162925,0.9620303852939571,0.9761588381821427,,,,0.9719143896455461,,,0.8849220103986135,0.11507798960138649,0.0002610511660285416,0.9999593116091309,0.9999896047991264,,,,,,,ToN-IoT-Network,8,C_SafetyShieldedRL,val,9,700.7746651172638,0.503594,100000,True,21.838407039642334,8.88863754272461,9747.0,0.9997389488339714,29966.32999999997,133.18368888888875,0.0,0.0,0.0,0.8220769284273493,0.0,0.0,0.0,0.1471795228489949
0.9870492129906356,0.9719590214390947,0.9813094535901004,0.9869178258806761,,,,0.9836385215327229,,,0.944090382387022,0.05590961761297798,0.00017233950883239983,0.9999832752794152,0.9999950235238031,,,,,,,ToN-IoT-Network,8,C_SafetyShieldedRL,test,9,700.7746651172638,0.503594,100000,True,21.838407039642334,10.687741994857788,9747.0,0.9998276604911676,30984.929999999986,131.29207627118637,0.0,0.0,0.0,0.7830245068738793,0.0,0.0,0.0,0.19246861924686193
0.9955068547983589,0.9656493437601261,0.9518335127646735,0.9955734055271159,0.8792682926829268,0.934341252699784,0.9059685863874346,0.9984405458089669,0.9969574348204682,0.9976984391419125,0.9969574348204682,0.06565874730021598,0.0030425651795318344,0.9990932929637514,0.9999786328138618,0.305,temperature,2163.0,152.0,297.0,97318.0,CICIoT2023,8,A_TreeGuidedGraphMoE,val,9,1393.6721556186676,4130.013725,100000,True,,,,,,,,,,,,,,
0.9959864680919209,0.9725076091715044,0.9569120995317458,0.9960525879441274,0.8859577922077922,0.9478940512375162,0.9158800083910216,0.9987685740087021,0.9971211671054924,0.9979441906724701,0.9971211671054924,0.052105948762483714,0.0028788328945076784,0.9992040251230188,0.9999813397078864,0.305,temperature,2183.0,120.0,281.0,97328.0,CICIoT2023,8,A_TreeGuidedGraphMoE,test,9,1393.6721556186676,4130.013725,100000,True,,,,,,,,,,,,,,
0.9941959371560092,0.9847992327596325,0.9415813125126492,0.994453362456892,,,,0.9994029912198537,,,0.9749460043196544,0.025053995680345574,0.005347538800389284,0.9990932929637514,0.9999786328138617,,,,,,,CICIoT2023,8,B_BudgetedRLInvestigation,val,9,1415.3761823177338,0.498499,100000,True,21.704026699066162,68.26491403579712,10131.0,0.9946524611996107,201849.59999999974,129.22509603072967,0.0,0.0,0.0,0.0,0.0,0.0,0.0028219753827679376,1.0
0.9949055168548323,0.9891252184499066,0.9481673378247866,0.9951178399658936,,,,0.999598674597131,,,0.9830655666521928,0.01693443334780721,0.004815129752379391,0.9992040251230188,0.9999813397078864,,,,,,,CICIoT2023,8,B_BudgetedRLInvestigation,test,9,1415.3761823177338,0.498499,100000,True,21.704026699066162,65.95734071731567,10131.0,0.9951848702476206,202143.97999999998,129.41355953905247,0.0,0.0,0.0,0.0,0.0,0.0,0.002382096244695332,1.0
0.9941959371560092,0.9847992327596325,0.9415813125126492,0.994453362456892,,,,0.9994029912198537,,,0.9749460043196544,0.025053995680345574,0.005347538800389284,0.9990932929637514,0.9999786328138617,,,,,,,CICIoT2023,8,C_SafetyShieldedRL,val,9,1415.3761823177338,0.498499,100000,True,21.704026699066162,104.10608267784119,10131.0,0.9946524611996107,201849.59999999974,129.22509603072967,0.0,0.0,0.0,0.0,0.0,0.0,0.0028219753827679376,1.0
0.9949055168548323,0.9891252184499066,0.9481673378247866,0.9951178399658936,,,,0.999598674597131,,,0.9830655666521928,0.01693443334780721,0.004815129752379391,0.9992040251230188,0.9999813397078864,,,,,,,CICIoT2023,8,C_SafetyShieldedRL,test,9,1415.3761823177338,0.498499,100000,True,21.704026699066162,62.968626976013184,10131.0,0.9951848702476206,202143.97999999998,129.41355953905247,0.0,0.0,0.0,0.0,0.0,0.0,0.002382096244695332,1.0
0.9448703419772015,0.9414961770035872,0.9403772616736075,0.9449390802139978,0.9186917595468664,0.9293900184842884,0.9240099237342645,0.9599076406381192,0.9536023355228861,0.9567445996129504,0.9536023355228861,0.07060998151571164,0.04639766447711396,0.990415093786901,0.994746661856374,0.41000000000000003,temperature,5028.0,382.0,445.0,9146.0,UNSW-NB15,9,A_TreeGuidedGraphMoE,val,9,1818.7546906471252,963.777223,100000,True,,,,,,,,,,,,,,
0.9440666666666667,0.941105901360081,0.9395623057520621,0.9441623637117389,0.9157569141193596,0.9304862266592716,0.9230628152223751,0.9604377104377104,0.9517255760608904,0.9560617962817491,0.9517255760608904,0.06951377334072842,0.04827442393910958,0.991168713489504,0.9951466519310707,0.41000000000000003,temperature,5033.0,376.0,463.0,9128.0,UNSW-NB15,9,A_TreeGuidedGraphMoE,test,9,1818.7546906471252,963.777223,100000,True,,,,,,,,,,,,,,
0.9431371241917206,0.9449754477539885,0.9391230537083419,0.9434799666603165,,,,0.9717123731375513,,,0.9515711645101663,0.04842883548983364,0.06162026900218955,0.990415093786901,0.9947466617895317,,,,,,,UNSW-NB15,9,B_BudgetedRLInvestigation,val,9,1875.3416197299957,0.487654,100000,True,56.58692908287048,22.587263822555542,9875.0,0.9383797309978105,22917.089999999986,97.51953191489356,0.0,0.0,0.0,0.564562362509166,0.0,0.0,0.030531297913472435,0.4354376374908339
0.9438666666666666,0.9467939212978891,0.9400127657394106,0.9442518540292015,,,,0.9749212897622408,,,0.9572933998890738,0.04270660011092623,0.0637055572932958,0.9911687134895041,0.9951466518147474,,,,,,,UNSW-NB15,9,B_BudgetedRLInvestigation,test,9,1875.3416197299957,0.487654,100000,True,56.58692908287048,22.491491317749023,9875.0,0.9362944427067043,22928.919999999987,97.56987234042548,0.0,0.0,0.0,0.5675333333333333,0.0,0.0,0.029666666666666668,0.4316
0.9431371241917206,0.9449754477539885,0.9391230537083419,0.9434799666603165,,,,0.9717123731375513,,,0.9515711645101663,0.04842883548983364,0.06162026900218955,0.990415093786901,0.9947466617895317,,,,,,,UNSW-NB15,9,C_SafetyShieldedRL,val,9,1875.3416197299957,0.487654,100000,True,56.58692908287048,22.691102027893066,9875.0,0.9383797309978105,22917.089999999986,97.51953191489356,0.0,0.0,0.0,0.564562362509166,0.0,0.0,0.030531297913472435,0.4354376374908339
0.9438666666666666,0.9467939212978891,0.9400127657394106,0.9442518540292015,,,,0.9749212897622408,,,0.9572933998890738,0.04270660011092623,0.0637055572932958,0.9911687134895041,0.9951466518147474,,,,,,,UNSW-NB15,9,C_SafetyShieldedRL,test,9,1875.3416197299957,0.487654,100000,True,56.58692908287048,22.82474946975708,9875.0,0.9362944427067043,22928.919999999987,97.56987234042548,0.0,0.0,0.0,0.5675333333333333,0.0,0.0,0.029666666666666668,0.4316
0.9989224863627181,0.9979112465853237,0.9982965811745204,0.9989220691389508,0.9982882574460801,0.9962418858899897,0.9972640218878249,0.9990778001341382,0.9995806072806576,0.9993291404612159,0.9995806072806576,0.0037581141100102495,0.0004193927193423922,0.9999790805134867,0.9999948356196918,0.405,temperature,2916.0,11.0,5.0,11917.0,ToN-IoT-Network,9,A_TreeGuidedGraphMoE,val,9,906.7011382579803,918.375186,100000,True,,,,,,,,,,,,,,
0.9986433152442032,0.998104709246528,0.9983920714562955,0.9986429232882158,0.9987750102082482,0.9967400162999185,0.9977564756271671,0.9985863226718501,0.9994694021931376,0.9990276672854238,0.9994694021931376,0.0032599837000814994,0.0005305978068623983,0.9998931705244198,0.9999587355991675,0.405,temperature,4892.0,16.0,6.0,11302.0,ToN-IoT-Network,9,A_TreeGuidedGraphMoE,test,9,906.7011382579803,918.375186,100000,True,,,,,,,,,,,,,,
0.9987877971580578,0.9980851362348604,0.9980851362348604,0.9987877971580578,,,,0.9992450931051837,,,0.9969251793645371,0.0030748206354629312,0.000754906894816306,0.9999790805134868,0.9999948356196918,,,,,,,ToN-IoT-Network,9,B_BudgetedRLInvestigation,val,9,930.7923967838287,0.513905,100000,True,24.09125852584839,10.230078220367432,9619.0,0.9992450931051837,32259.209999999977,138.4515450643776,0.0,0.0,0.0,0.7628123105933059,0.0,0.0,0.00026937840932049294,0.18721799447774262
0.998766650222003,0.9983084582277831,0.9985384156569933,0.998766365284968,,,,0.9987628137150937,,,0.9971475142624286,0.0028524857375713123,0.0005305978068623983,0.9998931705244196,0.9999587355991675,,,,,,,ToN-IoT-Network,9,B_BudgetedRLInvestigation,test,9,930.7923967838287,0.513905,100000,True,24.09125852584839,10.62311840057373,9619.0,0.9994694021931376,31556.389999999978,124.23775590551172,0.0,0.0,0.0,0.6944992599901332,0.0,0.0,0.00018500246669955598,0.2950789343857918
0.9987877971580578,0.9980851362348604,0.9980851362348604,0.9987877971580578,,,,0.9992450931051837,,,0.9969251793645371,0.0030748206354629312,0.000754906894816306,0.9999790805134868,0.9999948356196918,,,,,,,ToN-IoT-Network,9,C_SafetyShieldedRL,val,9,930.7923967838287,0.513905,100000,True,24.09125852584839,11.178102731704712,9619.0,0.9992450931051837,32259.209999999977,138.4515450643776,0.0,0.0,0.0,0.7628123105933059,0.0,0.0,0.00026937840932049294,0.18721799447774262
0.998766650222003,0.9983084582277831,0.9985384156569933,0.998766365284968,,,,0.9987628137150937,,,0.9971475142624286,0.0028524857375713123,0.0005305978068623983,0.9998931705244196,0.9999587355991675,,,,,,,ToN-IoT-Network,9,C_SafetyShieldedRL,test,9,930.7923967838287,0.513905,100000,True,24.09125852584839,11.011933088302612,9619.0,0.9994694021931376,31556.389999999978,124.23775590551172,0.0,0.0,0.0,0.6944992599901332,0.0,0.0,0.00018500246669955598,0.2950789343857918
0.9951360602087691,0.9609804839053715,0.9485057199769638,0.9952017761158299,0.8752515090543259,0.9251382390472139,0.8995037220843672,0.998193649034218,0.9968227287635291,0.9975077178695603,0.9968227287635291,0.07486176095278604,0.003177271236470974,0.9989018336405002,0.9999736865932842,0.20500000000000002,temperature,2175.0,176.0,310.0,97258.0,CICIoT2023,9,A_TreeGuidedGraphMoE,val,9,882.9764368534088,4130.009765,100000,True,,,,,,,,,,,,,,
0.9952353306240115,0.9592562532016904,0.9496260068278125,0.9952852293161513,0.8827335220380105,0.9214858590122414,0.9016935150764147,0.9980909174886328,0.9970266473911394,0.9975584985792103,0.9970266473911394,0.07851414098775855,0.0029733526088605907,0.9988159304131705,0.9999714259930816,0.20500000000000002,temperature,2183.0,186.0,290.0,97243.0,CICIoT2023,9,A_TreeGuidedGraphMoE,test,9,882.9764368534088,4130.009765,100000,True,,,,,,,,,,,,,,
0.9764709414625847,0.5,0.49404770946948406,0.9648464639862012,,,,0.9764709414625847,,,0.0,1.0,0.0,0.9989018336405004,0.9999736865931572,,,,,,,CICIoT2023,9,B_BudgetedRLInvestigation,val,9,902.4102237224579,0.503638,100000,True,19.433786869049072,53.6201491355896,10131.0,1.0,256086.70999999932,163.94795774647844,0.0,0.0,0.0,1.0,0.0,0.0,0.0,0.0
0.9762867610258052,0.5,0.4940005571453896,0.9645724077608313,,,,0.9762867610258052,,,0.0,1.0,0.0,0.9988159304131706,0.9999714259930815,,,,,,,CICIoT2023,9,B_BudgetedRLInvestigation,test,9,902.4102237224579,0.503638,100000,True,19.433786869049072,53.11624765396118,10131.0,1.0,255943.77999999965,163.96142216527844,0.0,0.0,0.0,1.0,0.0,0.0,0.0,0.0
0.9764709414625847,0.5,0.49404770946948406,0.9648464639862012,,,,0.9764709414625847,,,0.0,1.0,0.0,0.9989018336405004,0.9999736865931572,,,,,,,CICIoT2023,9,C_SafetyShieldedRL,val,9,902.4102237224579,0.503638,100000,True,19.433786869049072,53.959906578063965,10131.0,1.0,256086.70999999932,163.94795774647844,0.0,0.0,0.0,1.0,0.0,0.0,0.0,0.0
0.9762867610258052,0.5,0.4940005571453896,0.9645724077608313,,,,0.9762867610258052,,,0.0,1.0,0.0,0.9988159304131706,0.9999714259930815,,,,,,,CICIoT2023,9,C_SafetyShieldedRL,test,9,902.4102237224579,0.503638,100000,True,19.433786869049072,53.47464847564697,10131.0,1.0,255943.77999999965,163.96142216527844,0.0,0.0,0.0,1.0,0.0,0.0,0.0,0.0
