accuracy,balanced_accuracy,macro_f1,weighted_f1,precision_attack,recall_attack,minority_recall,fpr,fnr,roc_auc,pr_auc,threshold,tn,fp,fn,tp,dataset,seed,model,perturbation
0.7622666666666666,0.6890649342330755,0.7000859540535493,0.7378131682656661,0.744982868330886,0.9540325950689511,0.9540325950689511,0.5759027266028003,0.045967404931048894,0.7949535244807919,0.8314735151845505,0.48000000000000004,1151,1563,220,4566,UNSW-NB15,0,AegisGraphX,feature_noise_low
0.7322666666666666,0.6519201638529967,0.6559678296568341,0.7007275098052975,0.7223823246878002,0.9427496865858754,0.9427496865858754,0.6389093588798821,0.05725031341412453,0.6617483642569629,0.7305503894699221,0.48000000000000004,980,1734,274,4512,UNSW-NB15,0,AegisGraphX,feature_noise_high
0.876,0.8379181665019657,0.8564138246210663,0.8710645666373662,0.8515681983953318,0.975762641036356,0.975762641036356,0.2999263080324245,0.02423735896364396,0.9591645492672223,0.97569570623911,0.48000000000000004,1900,814,116,4670,UNSW-NB15,0,AegisGraphX,missing_features_20pct
0.7644,0.676619213925657,0.6838905847576942,0.7279633742906024,0.7322665025388522,0.9943585457584622,0.9943585457584622,0.6411201179071481,0.005641454241537819,0.8169907871182869,0.8647821689255988,0.48000000000000004,974,1740,27,4759,UNSW-NB15,0,AegisGraphX,missing_features_50pct
0.8984,0.890712590684728,0.8918781597969284,0.8982442122861372,0.9141274238227147,0.9227790922779092,0.9227790922779092,0.14135391090845317,0.07722090772209077,0.935749487769968,0.9415134409435558,0.48000000000000004,2448,403,359,4290,UNSW-NB15,0,AegisGraphX,label_noise_5pct
0.9451785714285714,0.9414187674739284,0.8997822105146018,0.94762363942155,0.9886537202705651,0.9467195988299206,0.9467195988299206,0.06388206388206388,0.0532804011700794,0.9898000515426341,0.9982432138910634,0.48000000000000004,762,52,255,4531,UNSW-NB15,0,AegisGraphX,class_imbalance_stress
0.9444,0.9435145525468689,0.9402391111982276,0.9445955344409119,0.9654805028766248,0.9467195988299206,0.9467195988299206,0.05969049373618276,0.0532804011700794,0.9903335878010692,0.9947047271353585,0.48000000000000004,2552,162,255,4531,UNSW-NB15,0,AegisGraphX,clean_baseline
0.8444,0.7961439333862015,0.815714801595534,0.8357624495510715,0.8186784140969163,0.9711538461538461,0.9711538461538461,0.3788659793814433,0.028846153846153848,0.8867208087463858,0.9099996952001981,0.42500000000000004,1687,1029,138,4646,UNSW-NB15,1,AegisGraphX,feature_noise_low
0.7529333333333333,0.6792456199112407,0.6885973805342699,0.7276254680638866,0.739265306122449,0.9464882943143813,0.9464882943143813,0.5879970544918999,0.05351170568561873,0.771897365297186,0.8182402468275829,0.42500000000000004,1119,1597,256,4528,UNSW-NB15,1,AegisGraphX,feature_noise_high
0.8598666666666667,0.8132811691893942,0.8342389783746058,0.8522105142810086,0.8294792586054722,0.982232441471572,0.982232441471572,0.3556701030927835,0.017767558528428092,0.961105778466267,0.9784302852857863,0.42500000000000004,1750,966,85,4699,UNSW-NB15,1,AegisGraphX,missing_features_20pct
0.7605333333333333,0.6717540919412277,0.6775937261606051,0.7226828711745908,0.7291411042944785,0.9937290969899666,0.9937290969899666,0.6502209131075111,0.006270903010033445,0.8807533303205088,0.9295148845040307,0.42500000000000004,950,1766,30,4754,UNSW-NB15,1,AegisGraphX,missing_features_50pct
0.8968,0.8823450419736194,0.8881112680915695,0.8959186549451735,0.8994082840236687,0.9400725101300917,0.9400725101300917,0.17538242618285307,0.0599274898699083,0.936307823687811,0.9409332584077389,0.42500000000000004,2318,493,281,4408,UNSW-NB15,1,AegisGraphX,label_noise_5pct
0.95837799214005,0.9394567682611161,0.9199351198575554,0.9592798486437126,0.9848710845940762,0.9661371237458194,0.9661371237458194,0.08722358722358722,0.0338628762541806,0.9917718151413804,0.9985717404931586,0.42500000000000004,743,71,162,4622,UNSW-NB15,1,AegisGraphX,class_imbalance_stress
0.9414666666666667,0.931994873683018,0.9360378741262274,0.9411759715969955,0.9432768822689247,0.9663461538461539,0.9663461538461539,0.10235640648011782,0.03365384615384615,0.9905889507735653,0.9948088046990726,0.42500000000000004,2438,278,161,4623,UNSW-NB15,1,AegisGraphX,clean_baseline
0.4774959083469722,0.5818171960332013,0.466234179580309,0.5101390601804833,0.8598870056497175,0.39759665621734586,0.39759665621734586,0.2339622641509434,0.6024033437826541,0.6181385531743372,0.8294050805350719,0.5,1218,372,3459,2283,ToN-IoT-Network,0,AegisGraphX,feature_noise_low
0.41830332787779595,0.5387955679107274,0.4133012832389257,0.44397852007879174,0.8257609175121305,0.32601880877742945,0.32601880877742945,0.24842767295597484,0.6739811912225705,0.5623652486697379,0.8078363175514053,0.5,1195,395,3870,1872,ToN-IoT-Network,0,AegisGraphX,feature_noise_high
0.9695853791598472,0.9401066619348988,0.9538086265448662,0.9690956923225561,0.9697021276595744,0.9921630094043887,0.9921630094043887,0.1119496855345912,0.007836990595611285,0.9927507563161434,0.9976423671286149,0.5,1412,178,45,5697,ToN-IoT-Network,0,AegisGraphX,missing_features_20pct
0.8858428805237316,0.770445837687217,0.8066147086836741,0.8767096094891118,0.8903390100270572,0.9742250087077673,0.9742250087077673,0.43333333333333335,0.025774991292232673,0.9125475093594807,0.9684541645908344,0.5,901,689,148,5594,ToN-IoT-Network,0,AegisGraphX,missing_features_50pct
0.9481723949809057,0.9108888340577372,0.9268579661171791,0.9471061350225889,0.9496866295264624,0.9835917778579156,0.9835917778579156,0.1618141097424412,0.016408222142084386,0.9091986537112591,0.945933980907204,0.5,1497,289,91,5455,ToN-IoT-Network,0,AegisGraphX,label_noise_5pct
0.9980704293294742,0.995110506496323,0.9932143038996748,0.9980741214985902,0.9993028929940746,0.9986067572274469,0.9986067572274469,0.008385744234800839,0.0013932427725531174,0.99977253924337,0.9999821756725106,0.5,473,4,8,5734,ToN-IoT-Network,0,AegisGraphX,class_imbalance_stress
0.997545008183306,0.9961587245256731,0.9963844676097324,0.9975444494252061,0.9982590529247911,0.9986067572274469,0.9986067572274469,0.006289308176100629,0.0013932427725531174,0.9997797318226725,0.9999493600004092,0.5,1580,10,8,5734,ToN-IoT-Network,0,AegisGraphX,clean_baseline
0.42327896046447333,0.5805058055970465,0.41985182314583824,0.44619640030383545,0.8885068762278978,0.31438998957247133,0.31438998957247133,0.15337837837837837,0.6856100104275287,0.6700588427322004,0.8684165831156625,0.655,1253,227,3945,1809,ToN-IoT-Network,1,AegisGraphX,feature_noise_low
0.3519491291125242,0.5288920046219316,0.3518396878402016,0.3568157729243168,0.8386277001270648,0.22940563086548488,0.22940563086548488,0.17162162162162162,0.7705943691345151,0.5865828941558868,0.8303745676068174,0.655,1226,254,4434,1320,ToN-IoT-Network,1,AegisGraphX,feature_noise_high
0.964058612109483,0.9237054833770162,0.942304445432602,0.9632358520910866,0.9638635596082404,0.992005561348627,0.992005561348627,0.1445945945945946,0.007994438651372959,0.9893699682477055,0.9968078782628973,0.655,1266,214,46,5708,ToN-IoT-Network,1,AegisGraphX,missing_features_20pct
0.8805640033176666,0.7306928670067356,0.77476025075073,0.8659674388247693,0.8797763280521901,0.9843587069864442,0.9843587069864442,0.522972972972973,0.01564129301355579,0.9089451873667203,0.9696876239953337,0.655,706,774,90,5664,ToN-IoT-Network,1,AegisGraphX,missing_features_50pct
0.9476085153442079,0.9046792302791027,0.9235346542454352,0.9463096300077627,0.9480542043085476,0.9855517428210222,0.9855517428210222,0.17619328226281675,0.014448257178977787,0.9163328735418844,0.9540471575639343,0.655,1398,299,80,5457,ToN-IoT-Network,1,AegisGraphX,label_noise_5pct
0.9980638915779284,0.9948003269171153,0.9927519848818426,0.9980678960307712,0.9993043478260869,0.9986096628432395,0.9986096628432395,0.009009009009009009,0.0013903371567605145,0.9998019395829616,0.9999844589655984,0.655,440,4,8,5746,ToN-IoT-Network,1,AegisGraphX,class_imbalance_stress
0.9975117500691181,0.9959264530432413,0.9961754748935135,0.9975111250573427,0.998262682418346,0.9986096628432395,0.9986096628432395,0.006756756756756757,0.0013903371567605145,0.9997868697686216,0.9999436210743713,0.655,1470,10,8,5746,ToN-IoT-Network,1,AegisGraphX,clean_baseline
0.9778520267296227,0.5949060991756631,0.6473512837642131,0.9713290306866367,0.9792396601022915,0.9984396493317182,0.9984396493317182,0.8086274509803921,0.0015603506682817666,0.7509587259873666,0.9864208760319464,0.165,244,1031,76,48631,CICIoT2023,0,AegisGraphX,feature_noise_low
0.9703693329598656,0.5341649970189895,0.5493185857939127,0.9627084771142222,0.976202960513048,0.9938201901164103,0.9938201901164103,0.9254901960784314,0.006179809883589628,0.6859549116626551,0.9849057418662461,0.165,95,1180,301,48406,CICIoT2023,0,AegisGraphX,feature_noise_high
0.9852947060941939,0.7285679273865294,0.8031362003091762,0.9828433956833512,0.985999108481582,0.9990966390867843,0.9990966390867843,0.5419607843137255,0.0009033609132157595,0.9810774309929282,0.9993790532202934,0.165,584,691,44,48663,CICIoT2023,0,AegisGraphX,missing_features_20pct
0.9767316233844184,0.5454491342187398,0.5772547011534339,0.9672353415564237,0.9767558461353335,0.9999178762806168,0.9999178762806168,0.9090196078431373,8.212371938325087e-05,0.9267869537615281,0.9970913067857686,0.165,116,1159,4,48703,CICIoT2023,0,AegisGraphX,missing_features_50pct
0.9451002360849906,0.6443912517201944,0.7038473246983672,0.9322760544591455,0.9472572108480696,0.9962673686027445,0.9962673686027445,0.7074848651623555,0.003732631397255545,0.6675691399072814,0.9510681257988552,0.165,1063,2571,173,46175,CICIoT2023,0,AegisGraphX,label_noise_5pct
0.9967609851494225,0.9399292134385793,0.9037451417980515,0.9968939860859123,0.9990747974834492,0.9976594739975774,0.9976594739975774,0.11780104712041885,0.0023405260024226496,0.9990133329578286,0.9999922628986854,0.165,337,45,114,48593,CICIoT2023,0,AegisGraphX,class_imbalance_stress
0.9946580769076868,0.9388297369987887,0.9454640395778937,0.994617661339111,0.9968612809256144,0.9976594739975774,0.9976594739975774,0.12,0.0023405260024226496,0.9988810723747483,0.9999707603807803,0.165,1122,153,114,48593,CICIoT2023,0,AegisGraphX,clean_baseline
0.9786493246623311,0.6068153221769714,0.6596731824274589,0.9730915368920035,0.9807459677419355,0.9977028939434338,0.9977028939434338,0.784072249589491,0.0022971060565662367,0.7640261027063842,0.98848057241129,0.38,263,955,112,48645,CICIoT2023,1,AegisGraphX,feature_noise_low
0.9759479739869935,0.539388980161764,0.5640018396277962,0.9671454524754789,0.9775077819058139,0.9983181902085855,0.9983181902085855,0.9195402298850575,0.001681809791414566,0.7082235558243954,0.9862528592756362,0.38,98,1120,82,48675,CICIoT2023,1,AegisGraphX,feature_noise_high
0.9870735367683842,0.7612279360130951,0.8286509127528685,0.985378965591892,0.9882283696291937,0.9986463482166663,0.9986463482166663,0.47619047619047616,0.0013536517833336753,0.938960337234891,0.9963081208458437,0.38,638,580,66,48691,CICIoT2023,1,AegisGraphX,missing_features_20pct
0.9781690845422711,0.5537356633360178,0.5912892546132513,0.9695517743573112,0.9781902086677368,0.9999179604979798,0.9999179604979798,0.8924466338259441,8.203950202022273e-05,0.8489984748263841,0.9876065227640413,0.38,131,1087,4,48753,CICIoT2023,1,AegisGraphX,missing_features_50pct
0.9461930965482741,0.6499670699564635,0.7099507653641857,0.9340881781994997,0.9486589723579907,0.9959252312269582,0.9959252312269582,0.6959910913140311,0.004074768773041847,0.6616093834922528,0.9511697720912211,0.38,1092,2500,189,46194,CICIoT2023,1,AegisGraphX,label_noise_5pct
0.9967835185863768,0.9671087340883402,0.9053647003302571,0.996995592067004,0.9995271867612293,0.9972311668068174,0.9972311668068174,0.06301369863013699,0.0027688331931825174,0.9992688931775444,0.9999945241396683,0.38,342,23,135,48622,CICIoT2023,1,AegisGraphX,class_imbalance_stress
0.9958579289644822,0.9690589331571033,0.9575213611524382,0.995908801063483,0.9985213784039101,0.9972311668068174,0.9972311668068174,0.059113300492610835,0.0027688331931825174,0.9990870074384166,0.999976794694282,0.38,1146,72,135,48622,CICIoT2023,1,AegisGraphX,clean_baseline
