macro_f1,balanced_accuracy,fpr,fnr,minority_recall,mean_realized_reward,commit_rate,isolation_rate,abstention_rate,escalation_rate,n_flows,dataset,seed,split,model,mean_expected_reward
0.9654429348431972,0.9549014266317876,0.0884561238854997,0.0017410228509249,0.9115438761145004,1.3210719285380976,0.8967402173188455,0.0,0.1032597826811545,0.0,15001,UNSW-NB15,0,val,AnalyticDecisionTheoretic,1.2984280586242676
0.9671127765961904,0.9565829399589976,0.0862873134328358,0.0005468066491688,0.9137126865671642,1.3198200000000002,0.8954666666666666,0.0,0.1045333333333333,0.0,15000,UNSW-NB15,0,test,AnalyticDecisionTheoretic,1.2983781099319458
0.9983847914533072,0.9974866478165252,0.0050267043669494,0.0,0.9949732956330506,1.697337850919652,0.9978564513898492,0.0,0.0021435486101507,0.0,14462,ToN-IoT-Network,0,val,AnalyticDecisionTheoretic,1.69612717628479
0.998333868218226,0.9973060344827588,0.0053879310344827,0.0,0.9946120689655172,1.7524328002722018,0.9977543382102756,0.0,0.0022456617897243,0.0,14695,ToN-IoT-Network,0,test,AnalyticDecisionTheoretic,1.7503732442855835
0.993240565335247,0.9956936845727458,0.004118050789293,0.0044945800652154,0.9958819492107068,1.7098088636841002,0.9984597073443956,0.0,0.0015402926556045,0.0,14283,ToN-IoT-Network,1,val,AnalyticDecisionTheoretic,1.719495415687561
0.9982076744354668,0.9974232042957611,0.0049867996479906,0.000166791760487,0.9950132003520094,1.6962525933609964,0.9984439834024896,0.0,0.0015560165975103,0.0,15424,ToN-IoT-Network,1,test,AnalyticDecisionTheoretic,1.696046233177185
0.9594246133388222,0.9465950923016496,0.1065931541465655,0.0002166612501354,0.8934068458534344,1.3229518032131191,0.9055396306912872,0.0,0.0944603693087127,0.0,15001,UNSW-NB15,1,val,AnalyticDecisionTheoretic,1.2987871170043943
0.9603527288974432,0.9475704997253486,0.1047508690614136,0.0001081314878892,0.8952491309385864,1.3264400000000005,0.9042,0.0,0.0958,0.0,15000,UNSW-NB15,1,test,AnalyticDecisionTheoretic,1.297560691833496
0.9632007574587128,0.9516324986844192,0.0959759481961147,0.0007590544350466,0.9040240518038852,1.3252916472235188,0.9030064662355844,0.0,0.0969935337644157,0.0,15001,UNSW-NB15,2,val,AnalyticDecisionTheoretic,1.3000861406326294
0.958897816284518,0.9460614782136876,0.1075514874141876,0.0003255561584373,0.8924485125858124,1.3200800000000004,0.9056666666666666,0.0,0.0943333333333333,0.0,15000,UNSW-NB15,2,test,AnalyticDecisionTheoretic,1.2987478971481323
0.961207351628308,0.94902141726572,0.1009817671809256,0.0009753982876341,0.8990182328190743,1.322351843210453,0.9002733151123259,0.0,0.0997266848876741,0.0,15001,UNSW-NB15,3,val,AnalyticDecisionTheoretic,1.3003278970718384
0.9631014383821848,0.951330844746523,0.0967966573816156,0.0005416531253385,0.9032033426183844,1.3267600000000002,0.9026,0.0,0.0974,0.0,15000,UNSW-NB15,3,test,AnalyticDecisionTheoretic,1.3058770895004272
0.9667086335462276,0.9568321193505924,0.0848,0.0015357612988152,0.9152,1.3143723751749885,0.8993400439970669,0.0,0.1006599560029331,0.0,15001,UNSW-NB15,6,val,AnalyticDecisionTheoretic,1.2847694158554075
0.9608407855324896,0.9491292300124008,0.1003213957759412,0.0014201441992571,0.8996786042240588,1.3118200000000002,0.9006666666666666,0.0,0.0993333333333333,0.0,15000,UNSW-NB15,6,test,AnalyticDecisionTheoretic,1.2920559644699097
0.9659887640889514,0.9551650135365696,0.0889045273281726,0.0007654455986878,0.9110954726718272,1.3176121591893877,0.8938070795280315,0.0,0.1061929204719685,0.0,15001,UNSW-NB15,9,val,AnalyticDecisionTheoretic,1.289386510848999
0.9672679108470904,0.9567636814699374,0.0860340405688971,0.000438596491228,0.9139659594311028,1.3169400000000002,0.8939333333333334,0.0,0.1060666666666666,0.0,15000,UNSW-NB15,9,test,AnalyticDecisionTheoretic,1.2897783517837524
0.9987618631792728,0.9981762868037602,0.0035587188612099,8.870753126940477e-05,0.99644128113879,1.7058166169223297,0.9970153397653918,0.0,0.0029846602346081,0.0,14407,ToN-IoT-Network,2,val,AnalyticDecisionTheoretic,1.702976107597351
0.9984359310955668,0.9976803570540482,0.0045523520485584,8.693384334521429e-05,0.9954476479514416,1.692800808897877,0.997505898213684,0.0,0.0024941017863161,0.0,14835,ToN-IoT-Network,2,test,AnalyticDecisionTheoretic,1.6910583972930908
0.9984483031900436,0.9976442151520292,0.0046246887228744,8.688097306689835e-05,0.9953753112771256,1.7410494042227027,0.9979095533412304,0.0,0.0020904466587694,0.0,14351,ToN-IoT-Network,3,val,AnalyticDecisionTheoretic,1.739473581314087
0.9990337893198652,0.9986383813190032,0.0026357406431207,8.749671887304226e-05,0.9973642593568792,1.6447937131630652,0.9969220694171578,0.0,0.0030779305828421,0.0,15270,ToN-IoT-Network,3,test,AnalyticDecisionTheoretic,1.6437625885009766
0.9960217988009415,0.9971052835127614,0.0034399724802201,0.0023494604942568,0.9965600275197798,1.7220790020790024,0.9978516978516978,0.0,0.0021483021483021,0.0,14430,ToN-IoT-Network,4,val,AnalyticDecisionTheoretic,1.7262660264968872
0.9968956727608242,0.9980928873170252,0.0017806267806267,0.0020335985853227,0.9982193732193732,1.5569265033407576,0.8983773464842507,0.0,0.1016226535157492,0.0,15715,ToN-IoT-Network,4,test,AnalyticDecisionTheoretic,1.5592745542526243
0.9975191812032208,0.9981566843082132,0.001977959875671,0.0017086715079026,0.9980220401243288,1.6712013093289693,0.9979705400981996,0.0,0.0020294599018003,0.0,15275,ToN-IoT-Network,5,val,AnalyticDecisionTheoretic,1.673163890838623
0.9961436932568086,0.997140611892444,0.0034025178632187,0.002316258351893,0.9965974821367812,1.7126065816362488,0.998097385666972,0.0,0.0019026143330279,0.0,14191,ToN-IoT-Network,5,test,AnalyticDecisionTheoretic,1.7166554927825928
0.9967174837508936,0.9972534801755096,0.0026369168356997,0.0028561228132809,0.9973630831643002,1.5329051383399213,0.9964179841897232,0.0,0.0035820158102766,0.0,16192,ToN-IoT-Network,6,val,AnalyticDecisionTheoretic,1.5333068370819092
0.9945191966780542,0.9953704684193908,0.0064171122994652,0.0028419508617528,0.9935828877005348,1.713543788187373,0.9974541751527496,0.0,0.0025458248472505,0.0,13748,ToN-IoT-Network,6,test,AnalyticDecisionTheoretic,1.718172907829285
0.9941086756844258,0.9969168356311372,0.0021731256791017,0.0039932030586236,0.9978268743208982,1.736087851750172,0.9973232669869596,0.0,0.0026767330130404,0.0,14570,ToN-IoT-Network,7,val,AnalyticDecisionTheoretic,1.7429662942886353
0.9982498217329556,0.9973586356260008,0.0051921079958463,9.062075215224288e-05,0.9948078920041536,1.720270851246776,0.997707079392376,0.0,0.0022929206076239,0.0,13956,ToN-IoT-Network,7,test,AnalyticDecisionTheoretic,1.718387007713318
0.998356812325901,0.9973730297723292,0.0052539404553415,0.0,0.9947460595446584,1.7355637476525008,0.9975655560965432,0.0,0.0024344439034569,0.0,14377,ToN-IoT-Network,8,val,AnalyticDecisionTheoretic,1.7343909740447998
0.998102163531047,0.9971766799874864,0.0055604331284752,8.620689655172413e-05,0.9944395668715248,1.6833233711894804,0.9973434283057714,0.0,0.0026565716942285,0.0,15057,ToN-IoT-Network,8,test,AnalyticDecisionTheoretic,1.6822503805160522
0.9988189375953208,0.9981027940669196,0.0037944118661607,0.0,0.9962055881338392,1.7425819920533374,0.997777628123106,0.0,0.002222371876894,0.0,14849,ToN-IoT-Network,9,val,AnalyticDecisionTheoretic,1.7419573068618774
0.998680969884028,0.998333886600514,0.0030668574933551,0.0002653693056169,0.9969331425066448,1.5518931919092258,0.998766650222003,0.0,0.001233349777997,0.0,16216,ToN-IoT-Network,9,test,AnalyticDecisionTheoretic,1.537230134010315
0.9727398196979544,0.9837368770750552,0.0309597523219814,0.0015664935279083,0.9690402476780186,2.036609144778988,0.9906510249839846,0.0,0.0093489750160153,0.0,99904,CICIoT2023,0,val,AnalyticDecisionTheoretic,2.031153440475464
0.9726290484829528,0.9842518693926112,0.0298359025360517,0.0016603586787257,0.9701640974639484,2.034697104654771,0.990582371721094,0.0,0.0094176282789059,0.0,99919,CICIoT2023,0,test,AnalyticDecisionTheoretic,2.0295209884643555
0.9645222484418942,0.9819990204491452,0.0336376741950985,0.0023642849066107,0.9663623258049014,2.037947393706462,0.9944951557370486,0.0,0.0055048442629513,0.0,99912,CICIoT2023,1,val,AnalyticDecisionTheoretic,2.0361790657043457
0.9692108290327884,0.9820218728172634,0.0339692880409492,0.0019869663245241,0.9660307119590508,2.0371405119170367,0.9938237619996196,0.0,0.0061762380003803,0.0,99899,CICIoT2023,1,test,AnalyticDecisionTheoretic,2.034205913543701
0.972565147464604,0.978423471844954,0.041817243159525,0.0013358131505666,0.9581827568404748,2.043301837690676,0.9934739960763904,0.0,0.0065260039236097,0.0,99908,CICIoT2023,2,val,AnalyticDecisionTheoretic,2.030153274536133
0.9722381355327734,0.9778299357671648,0.0429417571569595,0.001398371308711,0.9570582428430404,2.0417078687671406,0.9936745601217046,0.0,0.0063254398782953,0.0,99914,CICIoT2023,2,test,AnalyticDecisionTheoretic,2.029481649398804
0.9760568370479024,0.9900780570844976,0.018155757286192,0.0016881285448126,0.981844242713808,2.039338158013273,0.9933835820746124,0.0,0.0066164179253876,0.0,99903,CICIoT2023,3,val,AnalyticDecisionTheoretic,2.0360116958618164
0.9715428677809116,0.9890167712252428,0.0198863636363636,0.0020800939131509,0.9801136363636364,2.0363195083870456,0.9930641739060811,0.0,0.0069358260939188,0.0,99916,CICIoT2023,3,test,AnalyticDecisionTheoretic,2.0340516567230225
0.968526301547992,0.9809757204302234,0.0360655737704918,0.0019829853690613,0.9639344262295082,2.04102338244715,0.9955857623318386,0.0,0.0044142376681614,0.0,99904,CICIoT2023,4,val,AnalyticDecisionTheoretic,2.040208339691162
0.9686775159167922,0.979906838564147,0.0382641157256182,0.0019222071460877,0.9617358842743816,2.040461270495906,0.9952851908947126,0.0,0.0047148091052873,0.0,99898,CICIoT2023,4,test,AnalyticDecisionTheoretic,2.0395302772521973
0.9694437270502012,0.9715413896578826,0.055745164960182,0.0011720557240528,0.944254835039818,2.0420988890001004,0.991122009808828,0.0,0.008877990191172,0.0,99910,CICIoT2023,5,val,AnalyticDecisionTheoretic,2.0305514335632324
0.967002511518756,0.965064183310979,0.068771138669673,0.0011004947083689,0.9312288613303268,2.041233460776268,0.9908821586564446,0.0,0.0091178413435554,0.0,99914,CICIoT2023,5,test,AnalyticDecisionTheoretic,2.0306358337402344
0.971761930538311,0.9734939636907772,0.0518716577540106,0.0011404148644344,0.9481283422459892,2.043544739528089,0.992685172213661,0.0,0.0073148277863389,0.0,99934,CICIoT2023,6,val,AnalyticDecisionTheoretic,2.0259151458740234
0.974199230978522,0.9775833027316074,0.0436817472698908,0.0011516472668942,0.9563182527301092,2.042614074244593,0.992613573809214,0.0,0.0073864261907859,0.0,99913,CICIoT2023,6,test,AnalyticDecisionTheoretic,2.025935173034668
0.9669667186626256,0.9711024892785038,0.0562347188264058,0.0015603026165864,0.9437652811735942,2.043868604371848,0.9954960365121308,0.0,0.0045039634878693,0.0,99912,CICIoT2023,7,val,AnalyticDecisionTheoretic,2.0352237224578857
0.9708213438569484,0.974421632856976,0.0497394599715774,0.0014172743144705,0.9502605400284224,2.044075990671325,0.9957360345120962,0.0,0.0042639654879037,0.0,99907,CICIoT2023,7,test,AnalyticDecisionTheoretic,2.035611629486084
0.9717034152858892,0.9781717481334428,0.0422391857506361,0.0014173179824786,0.957760814249364,2.043500450315221,0.9940158110677474,0.0,0.0059841889322525,0.0,99930,CICIoT2023,8,val,AnalyticDecisionTheoretic,2.034105062484741
0.974811455767336,0.9824353549885192,0.0337941628264208,0.0013351271965409,0.9662058371735792,2.0445892385299067,0.9940948034270156,0.0,0.0059051965729842,0.0,99912,CICIoT2023,8,test,AnalyticDecisionTheoretic,2.0350797176361084
0.9718998240787642,0.9820898434302716,0.0341922695738354,0.0016280435656214,0.9658077304261644,2.0364325103333707,0.9914730932054964,0.0,0.0085269067945035,0.0,99919,CICIoT2023,9,val,AnalyticDecisionTheoretic,2.031137704849243
0.9696260499202376,0.9806229810375012,0.03698224852071,0.0017717894042873,0.96301775147929,2.03657484334648,0.9920221817381032,0.0,0.0079778182618966,0.0,99902,CICIoT2023,9,test,AnalyticDecisionTheoretic,2.0313520431518555
0.967483209917283,0.9574749321431072,0.0840626439428834,0.0009874917709019,0.9159373560571166,1.3158522765148992,0.8970068662089195,0.0,0.1029931337910805,0.0,15001,UNSW-NB15,4,val,AnalyticDecisionTheoretic,1.2894991636276243
0.9656748246235892,0.9553504342226408,0.087654033945594,0.0016450976091248,0.912345966054406,1.3122,0.8946,0.0,0.1054,0.0,15000,UNSW-NB15,4,test,AnalyticDecisionTheoretic,1.289672613143921
0.9586660725804502,0.9458535713563784,0.1076428735368372,0.0006499837504062,0.8923571264631627,1.3210719285380976,0.9058062795813612,0.0,0.0941937204186387,0.0,15001,UNSW-NB15,5,val,AnalyticDecisionTheoretic,1.2998826503753662
0.9620687366180394,0.95012716400152,0.0993119266055045,0.0004337453914552,0.9006880733944954,1.32496,0.9054666666666666,0.0,0.0945333333333333,0.0,15000,UNSW-NB15,5,test,AnalyticDecisionTheoretic,1.2986830472946167
0.962449821544282,0.9506689918404744,0.0981201283814763,0.0005418879375745,0.9018798716185236,1.3258716085594295,0.9058729418038798,0.0,0.0941270581961202,0.0,15001,UNSW-NB15,7,val,AnalyticDecisionTheoretic,1.3028870820999146
0.9603795646572424,0.948324628553232,0.1021579430670339,0.0011927998265018,0.897842056932966,1.32106,0.9052,0.0,0.0948,0.0,15000,UNSW-NB15,7,test,AnalyticDecisionTheoretic,1.3014042377471924
0.9563532027787746,0.9429629977051099,0.11374943464495703,0.0003245699448231094,0.886250565355043,1.3209919338710756,0.9109392707152857,0.0,0.08906072928471435,0.0,15001,UNSW-NB15,8,val,AnalyticDecisionTheoretic,1.303713321685791
0.9559541922473709,0.9423543825235441,0.11475034356390289,0.0005408913890090869,0.8852496564360971,1.31966,0.9073333333333333,0.0,0.09266666666666666,0.0,15000,UNSW-NB15,8,test,AnalyticDecisionTheoretic,1.3093632459640503
