dataset,seed,mode,split,reward_weights,accuracy,balanced_accuracy,macro_f1,weighted_f1,attack_recall,minority_recall,precision_attack,fpr,fnr,roc_auc,pr_auc,cumulative_reward,cumulative_reward_per_window,avg_detection_delay,telemetry_cost,escalation_rate,isolation_rate,abstention_rate,budget_violation_rate,calibration_violation_rate,commit_rate
UNSW-NB15,0,Mode1_CommonDefaultReward,val,None,0.9437408345553926,0.943476552114938,0.9396045900650452,0.9439726159583158,0.9444328389387926,0.9425202652910832,0.9666452854393842,0.05747973470891673,0.05556716106120744,0.9902193040319373,0.9946099379994433,9089.240000000009,77.02745762711872,0.0,0.0,0.0,0.0,0.0,0.0,0.03479536061858419,1.0
UNSW-NB15,0,Mode1_CommonDefaultReward,test,None,0.944,0.9443177580396767,0.9399488661735891,0.9442578750484985,0.9431675720852486,0.9454679439941046,0.9682539682539683,0.054532056005895356,0.056832427914751356,0.9903335878010692,0.9947047271353585,9086.70000000001,77.00593220338992,0.0,0.0,0.0,0.0,0.0,0.0,0.0264,1.0
UNSW-NB15,0,Mode2_ValidationTunedReward,val,"{'c_isolate_benign': 1.2, 'r_isolate_malicious': 0.6, 'w_fp': 1.5}",0.9437408345553926,0.943476552114938,0.9396045900650452,0.9439726159583158,0.9444328389387926,0.9425202652910832,0.9666452854393842,0.05747973470891673,0.05556716106120744,0.9902193040319373,0.9946099379994433,9089.240000000009,77.02745762711872,0.0,0.0,0.0,0.0,0.0,0.0,0.03479536061858419,1.0
UNSW-NB15,0,Mode2_ValidationTunedReward,test,"{'c_isolate_benign': 1.2, 'r_isolate_malicious': 0.6, 'w_fp': 1.5}",0.944,0.9443177580396767,0.9399488661735891,0.9442578750484985,0.9431675720852486,0.9454679439941046,0.9682539682539683,0.054532056005895356,0.056832427914751356,0.9903335878010692,0.9947047271353585,9086.70000000001,77.00593220338992,0.0,0.0,0.0,0.0,0.0,0.0,0.0264,1.0
UNSW-NB15,1,Mode1_CommonDefaultReward,val,None,0.9404079456072524,0.9359482765518234,0.9355671682533478,0.9404338447078812,0.9521321070234113,0.9197644460802356,0.9543264194426985,0.08023555391976445,0.04786789297658863,0.9896354305789264,0.994291943025259,9152.310000000007,77.56194915254243,0.0,0.0,0.0,0.0,0.0,0.0,0.03706172510331956,0.9676043194240768
UNSW-NB15,1,Mode1_CommonDefaultReward,test,None,0.9426666666666667,0.9392222664157895,0.9381053963956882,0.9427383565726939,0.9517140468227425,0.9267304860088366,0.9581228956228957,0.07326951399116348,0.04828595317725753,0.9905889507735653,0.9948088046990726,9173.24000000001,77.73932203389839,0.0,0.0,0.0,0.0,0.0,0.0,0.038266666666666664,0.9633333333333334
UNSW-NB15,1,Mode2_ValidationTunedReward,val,"{'c_isolate_benign': 1.2, 'r_isolate_malicious': 0.6, 'w_fp': 1.5}",0.9224706744868035,0.821857191152323,0.8244419008753,0.9221580980686163,0.9569327731092437,0.6867816091954023,0.9543264194426985,0.3132183908045977,0.0430672268907563,0.9647584033613446,0.9949491688299148,8624.140000000007,73.08593220338989,0.0,0.0,0.0,0.0,0.2726303159578723,0.0,0.036128516197840285,0.7273696840421278
UNSW-NB15,1,Mode2_ValidationTunedReward,test,"{'c_isolate_benign': 1.2, 'r_isolate_malicious': 0.6, 'w_fp': 1.5}",0.9251688264281803,0.8386939047518392,0.8362936734335747,0.9254330082057219,0.9557094878253568,0.7216783216783217,0.9581228956228957,0.2783216783216783,0.04429051217464316,0.9679243510477769,0.9952889673183272,8639.350000000004,73.2148305084746,0.0,0.0,0.0,0.0,0.2694666666666667,0.0,0.03746666666666667,0.7305333333333334
UNSW-NB15,2,Mode1_CommonDefaultReward,val,None,0.9408078922810292,0.939119073727845,0.9361150613466853,0.9410017918375884,0.9451029320024953,0.9331352154531947,0.9619047619047619,0.06686478454680535,0.05489706799750468,0.9895165454075243,0.9943135812177695,9093.840000000007,77.06644067796617,0.0,0.0,0.0,0.0,0.0,0.0,0.03586188508198907,1.0
UNSW-NB15,2,Mode1_CommonDefaultReward,test,None,0.9421333333333334,0.93966284523318,0.9374412418545806,0.9422749641374631,0.9484193011647255,0.9309063893016345,0.9608091024020228,0.06909361069836553,0.051580698835274545,0.9901971979588254,0.9946506196595146,9167.050000000003,77.68686440677969,0.0,0.0,0.0,0.0,0.0,0.0,0.033466666666666665,1.0
UNSW-NB15,2,Mode2_ValidationTunedReward,val,"{'c_isolate_benign': 1.2, 'r_isolate_malicious': 0.6, 'w_fp': 1.5}",0.9408,0.939106649947736,0.9361002059300391,0.9409940917904998,0.9451029320024953,0.9331103678929766,0.9619047619047619,0.06688963210702341,0.05489706799750468,0.9895126496607416,0.9943135812177695,9093.540000000006,77.0638983050848,0.0,0.0,0.0,0.0,0.0001333155579256099,0.0,0.03586188508198907,0.9998666844420744
UNSW-NB15,2,Mode2_ValidationTunedReward,test,"{'c_isolate_benign': 1.2, 'r_isolate_malicious': 0.6, 'w_fp': 1.5}",0.9421333333333334,0.93966284523318,0.9374412418545806,0.9422749641374631,0.9484193011647255,0.9309063893016345,0.9608091024020228,0.06909361069836553,0.051580698835274545,0.9901971979588254,0.9946506196595146,9167.050000000003,77.68686440677969,0.0,0.0,0.0,0.0,0.0,0.0,0.033466666666666665,1.0
ToN-IoT-Network,0,Mode1_CommonDefaultReward,val,None,0.9987407303763817,0.9976210709891482,0.9980178882786394,0.9987402279374816,0.9994764397905759,0.9957657021877205,0.998953427524856,0.004234297812279464,0.0005235602094240838,0.999943715122158,0.999985926779057,12359.28000000002,110.35071428571447,0.0,0.0,0.0,0.0,0.0,0.0,0.0006995942353435008,1.0
ToN-IoT-Network,0,Mode1_CommonDefaultReward,test,None,0.997545008183306,0.9961587245256731,0.9963844676097324,0.9975444494252061,0.9986067572274469,0.9937106918238994,0.9982590529247911,0.006289308176100629,0.0013932427725531174,0.9997797318226725,0.9999493600004092,12402.33000000002,107.84634782608713,0.0,0.0,0.0,0.0,0.0,0.0,0.0004091653027823241,1.0
ToN-IoT-Network,0,Mode2_ValidationTunedReward,val,"{'c_isolate_benign': 1.2, 'r_isolate_malicious': 0.6, 'w_fp': 1.5}",0.9987407303763817,0.9976210709891482,0.9980178882786394,0.9987402279374816,0.9994764397905759,0.9957657021877205,0.998953427524856,0.004234297812279464,0.0005235602094240838,0.999943715122158,0.999985926779057,12359.28000000002,110.35071428571447,0.0,0.0,0.0,0.0,0.0,0.0,0.0006995942353435008,1.0
ToN-IoT-Network,0,Mode2_ValidationTunedReward,test,"{'c_isolate_benign': 1.2, 'r_isolate_malicious': 0.6, 'w_fp': 1.5}",0.997545008183306,0.9961587245256731,0.9963844676097324,0.9975444494252061,0.9986067572274469,0.9937106918238994,0.9982590529247911,0.006289308176100629,0.0013932427725531174,0.9997797318226725,0.9999493600004092,12402.33000000002,107.84634782608713,0.0,0.0,0.0,0.0,0.0,0.0,0.0004091653027823241,1.0
ToN-IoT-Network,1,Mode1_CommonDefaultReward,val,None,0.9983707231482641,0.9978601657210253,0.9980437651419041,0.99837042245114,0.999110161950525,0.9966101694915255,0.9985770188545002,0.003389830508474576,0.0008898380494749955,0.999724602664688,0.9998981655998642,12387.210000000023,99.09768000000018,0.0,0.0,0.0,0.0,0.0,0.0,0.0005013159543802481,1.0
ToN-IoT-Network,1,Mode1_CommonDefaultReward,test,None,0.9973735139618468,0.9948357899087825,0.9959558847003149,0.997370535053756,0.9991310392770246,0.9905405405405405,0.9975707096998091,0.00945945945945946,0.0008689607229753215,0.9997868697686216,0.9999436210743713,12403.110000000022,108.79921052631599,0.0,0.0,0.0,0.0,0.0,0.0,0.0006911805363560963,1.0
ToN-IoT-Network,1,Mode2_ValidationTunedReward,val,"{'c_isolate_benign': 1.2, 'r_isolate_malicious': 0.6, 'w_fp': 1.5}",1.0,1.0,1.0,1.0,1.0,0.0,1.0,0.0,0.0,,1.0,3076.710000000004,24.613680000000034,0.0,0.0,0.011780924927935832,0.0,0.7975936834189749,0.0,0.0,0.19062539165308937
ToN-IoT-Network,1,Mode2_ValidationTunedReward,test,"{'c_isolate_benign': 1.2, 'r_isolate_malicious': 0.6, 'w_fp': 1.5}",0.9993485342019544,0.5,0.4998370804822418,0.9990229074394253,1.0,0.0,0.9993485342019544,1.0,0.0,0.9941329856584094,0.9999961678438742,3021.160000000003,26.501403508771958,0.0,0.0,0.04368260989770528,0.0,0.7441249654409732,0.0,0.0,0.21219242466132154
ToN-IoT-Network,2,Mode1_CommonDefaultReward,val,None,0.9963211772232885,0.995061901206918,0.9953380891981916,0.9963201499630743,0.9978070175438597,0.9923167848699763,0.9971509971509972,0.0076832151300236405,0.0021929824561403508,0.9998497832939321,0.9999421879251378,9934.070000000016,86.38321739130448,0.0,0.0,0.0,0.0,0.14799672935404742,0.0,0.0009539384028345599,0.8520032706459526
ToN-IoT-Network,2,Mode1_CommonDefaultReward,test,None,0.9982094897045658,0.9970072970116999,0.9976045307323839,0.9982084119866819,0.9994038155802861,0.9946107784431137,0.9982135768161969,0.005389221556886228,0.0005961844197138314,0.9999478784878573,0.9999823770668841,10961.140000000014,93.68495726495739,0.0,0.0,0.0,0.0,0.10413046384173238,0.0,0.0004010159069643096,0.8958695361582676
ToN-IoT-Network,2,Mode2_ValidationTunedReward,val,"{'c_isolate_benign': 1.2, 'r_isolate_malicious': 0.6, 'w_fp': 1.5}",0.9967293540474244,0.9951884418010957,0.9953931077635887,0.9967286778094264,0.9980510276399717,0.9923258559622196,0.9976974849450939,0.007674144037780401,0.0019489723600283487,0.9998615198344597,0.9999569935528949,12205.720000000021,106.1366956521741,0.0,0.0,0.0,0.0,0.0,0.0,0.0010902153175252113,1.0
ToN-IoT-Network,2,Mode2_ValidationTunedReward,test,"{'c_isolate_benign': 1.2, 'r_isolate_malicious': 0.6, 'w_fp': 1.5}",0.9982622644031547,0.9967548332369432,0.9974951424648186,0.9982609673370754,0.9994833821250215,0.994026284348865,0.99828001375989,0.005973715651135006,0.0005166178749784743,0.9999493874961192,0.9999851496697295,12588.040000000019,107.59008547008564,0.0,0.0,0.0,0.0,0.0,0.0,0.0004010159069643096,1.0
CICIoT2023,0,Mode1_CommonDefaultReward,val,None,0.9950376180566672,0.9739011916719476,0.9474465971892511,0.9951757138739787,0.9960479973789828,0.9517543859649122,0.9988705901679741,0.04824561403508772,0.003952002621017282,0.9990013837936639,0.999976802019723,101299.54000000072,129.7049167733684,0.0,0.0,0.0,0.0,0.0,0.0,0.0012005762766127742,1.0
CICIoT2023,0,Mode1_CommonDefaultReward,test,None,0.9949381777439879,0.9756350276986399,0.9516560524955846,0.9950653892850092,0.9959759377502208,0.9552941176470588,0.9988263877450173,0.04470588235294118,0.004024062249779293,0.9988810723747483,0.9999707603807803,101048.18000000059,129.38307298335542,0.0,0.0,0.0,0.0,0.0,0.0,0.001360489776319475,1.0
CICIoT2023,0,Mode2_ValidationTunedReward,val,"{'c_isolate_benign': 1.2, 'r_isolate_malicious': 0.6, 'w_fp': 1.5}",0.9950376180566672,0.9739011916719476,0.9474465971892511,0.9951757138739787,0.9960479973789828,0.9517543859649122,0.9988705901679741,0.04824561403508772,0.003952002621017282,0.9990013837936639,0.999976802019723,101299.54000000072,129.7049167733684,0.0,0.0,0.0,0.0,0.0,0.0,0.0012005762766127742,1.0
CICIoT2023,0,Mode2_ValidationTunedReward,test,"{'c_isolate_benign': 1.2, 'r_isolate_malicious': 0.6, 'w_fp': 1.5}",0.9949381777439879,0.9756350276986399,0.9516560524955846,0.9950653892850092,0.9959759377502208,0.9552941176470588,0.9988263877450173,0.04470588235294118,0.004024062249779293,0.9988810723747483,0.9999707603807803,101048.18000000059,129.38307298335542,0.0,0.0,0.0,0.0,0.0,0.0,0.001360489776319475,1.0
CICIoT2023,1,Mode1_CommonDefaultReward,val,None,0.9958580118456859,0.9795597969805847,0.9560462212513701,0.995959292813285,0.9966414089698955,0.962478184991274,0.9991172062657825,0.037521815008726006,0.003358591030104444,0.9991389259099223,0.9999798536367359,101463.4900000005,129.91483994878425,0.0,0.0,0.0,0.0,0.0,0.0,0.0007803745797983031,1.0
CICIoT2023,1,Mode1_CommonDefaultReward,test,None,0.9957978989494748,0.977433504306215,0.9576484527511575,0.9958847649271987,0.9967389297946961,0.958128078817734,0.9989516742379083,0.04187192118226601,0.003261070205303854,0.9990870074384166,0.999976794694282,101338.40000000069,129.75467349551946,0.0,0.0,0.0,0.0,0.0,0.0,0.0011405702851425713,1.0
CICIoT2023,1,Mode2_ValidationTunedReward,val,"{'c_isolate_benign': 1.2, 'r_isolate_malicious': 0.6, 'w_fp': 1.5}",0.9958580118456859,0.9795597969805847,0.9560462212513701,0.995959292813285,0.9966414089698955,0.962478184991274,0.9991172062657825,0.037521815008726006,0.003358591030104444,0.9991389259099223,0.9999798536367359,101463.4900000005,129.91483994878425,0.0,0.0,0.0,0.0,0.0,0.0,0.0007803745797983031,1.0
CICIoT2023,1,Mode2_ValidationTunedReward,test,"{'c_isolate_benign': 1.2, 'r_isolate_malicious': 0.6, 'w_fp': 1.5}",0.9957978989494748,0.977433504306215,0.9576484527511575,0.9958847649271987,0.9967389297946961,0.958128078817734,0.9989516742379083,0.04187192118226601,0.003261070205303854,0.9990870074384166,0.999976794694282,101338.40000000069,129.75467349551946,0.0,0.0,0.0,0.0,0.0,0.0,0.0011405702851425713,1.0
CICIoT2023,2,Mode1_CommonDefaultReward,val,None,0.9951779747493947,0.9800794510952842,0.9496406437225156,0.9953303215834072,0.9959043250327654,0.9642545771578029,0.9991576438682637,0.03574542284219703,0.0040956749672346,0.9989139676870884,0.9999745618000541,101273.71000000059,129.67184379001355,0.0,0.0,0.0,0.0,0.0,0.0,0.0019208067388303087,1.0
CICIoT2023,2,Mode1_CommonDefaultReward,test,None,0.9957186299615877,0.984128276273867,0.9572671735683096,0.99583703196592,0.9963093578282621,0.971947194719472,0.9993007855879571,0.028052805280528052,0.003690642171737882,0.9985322355330752,0.9999444853812155,101283.01000000043,129.68375160051272,0.0,0.0,0.0,0.0,0.0,0.0,0.001820582586427657,1.0
CICIoT2023,2,Mode2_ValidationTunedReward,val,"{'c_isolate_benign': 1.2, 'r_isolate_malicious': 0.6, 'w_fp': 1.5}",0.9951779747493947,0.9800794510952842,0.9496406437225156,0.9953303215834072,0.9959043250327654,0.9642545771578029,0.9991576438682637,0.03574542284219703,0.0040956749672346,0.9989139676870884,0.9999745618000541,101273.71000000059,129.67184379001355,0.0,0.0,0.0,0.0,0.0,0.0,0.0019208067388303087,1.0
CICIoT2023,2,Mode2_ValidationTunedReward,test,"{'c_isolate_benign': 1.2, 'r_isolate_malicious': 0.6, 'w_fp': 1.5}",0.9957186299615877,0.984128276273867,0.9572671735683096,0.99583703196592,0.9963093578282621,0.971947194719472,0.9993007855879571,0.028052805280528052,0.003690642171737882,0.9985322355330752,0.9999444853812155,101283.01000000043,129.68375160051272,0.0,0.0,0.0,0.0,0.0,0.0,0.001820582586427657,1.0
