tau,accuracy,balanced_accuracy,macro_f1,weighted_f1,attack_recall,minority_recall,precision_attack,fpr,fnr,roc_auc,pr_auc,cumulative_reward,cumulative_reward_per_window,avg_detection_delay,telemetry_cost,escalation_rate,isolation_rate,abstention_rate,budget_violation_rate,latency_sec,peak_memory_MB,dataset,candidate,seed,status,adapted_on_rare_windows
0.5844669276646869,0.6506849315068494,0.5,0.3941908713692946,0.5129881202751094,1.0,0.0,0.6506849315068494,1.0,0.0,0.8739938080495356,0.92361915198027,3.9999999999998845,0.028368794326240315,0.0,0.0,0.0,0.0,0.9675555555555555,0.0,26.77785348892212,0.985511,UNSW-NB15,C1_ConformalRiskGraphRL,0,ok,
0.5844669276646869,0.6407721828119549,0.5,0.3905308668225955,0.5004826319787188,1.0,0.0,0.6407721828119549,1.0,0.0,0.8600184837127705,0.907477293026864,2619.409999999997,18.577375886524802,0.0,0.0,0.0,0.0035555555555555557,0.0,0.0,26.38894486427307,1.828152,UNSW-NB15,C1_ConformalRiskGraphRL,1,ok,
,,,,,,,,,,,,-90.00000000000007,-0.638297872340426,0.0,0.0,0.0,0.0,1.0,0.0,27.786229372024536,0.526251,UNSW-NB15,C2_CausalCounterfactualRL,0,ok,
,0.62109375,0.5,0.38313253012048193,0.47592243975903614,1.0,0.0,0.62109375,1.0,0.0,0.8550186843055227,0.8995898164238206,1929.5999999999985,13.685106382978713,0.0,0.0,0.0,0.0,0.06133333333333333,0.0,27.942553520202637,1.749483,UNSW-NB15,C2_CausalCounterfactualRL,1,ok,
,0.6384444444444445,0.5,0.38966499389664994,0.49755890109558903,1.0,0.0,0.6384444444444445,1.0,0.0,0.8625288835652967,0.9086021341834293,2498.799999999998,17.72198581560282,0.0,0.0,0.0,0.0,0.0,0.0,13.27351188659668,5.983863,UNSW-NB15,C3_OfflineSafeGraphRL,0,ok,
,0.6384444444444445,0.5,0.38966499389664994,0.49755890109558903,1.0,0.0,0.6384444444444445,1.0,0.0,0.8625288835652967,0.9086021341834293,2498.799999999998,17.72198581560282,0.0,0.0,0.0,0.0,0.0,0.0,13.766050577163696,5.844183,UNSW-NB15,C3_OfflineSafeGraphRL,1,ok,
,0.6394706411409482,0.5,0.39004702194357366,0.4988472383947491,1.0,0.0,0.6394706411409482,1.0,0.0,0.8633139741456459,0.9095720017105279,2627.8249593931696,18.637056449596948,0.00011111111111111112,0.0070921985815602835,0.0,0.0,0.00011111111111111112,0.0,30.366195917129517,2.073851,UNSW-NB15,C4_BudgetedActiveAcquisitionRL,0,ok,
,0.6384042671407935,0.5,0.3896500271296799,0.49750848002222714,1.0,0.0,0.6384042671407935,1.0,0.0,0.8538469089125361,0.9040835346012792,2448.299999999998,17.363829787234028,0.0,0.0,0.0,0.34355555555555556,0.00011111111111111112,0.0,28.252923250198364,2.178291,UNSW-NB15,C4_BudgetedActiveAcquisitionRL,1,ok,
,0.6324257425742574,0.5,0.38741470811220624,0.49002206892410244,1.0,0.0,0.6324257425742574,1.0,0.0,0.8997278723306121,0.9140154476495691,128.80000000000038,0.9134751773049672,0.0,0.0,0.0,0.0,0.9102222222222223,0.0,27.587549924850464,0.523474,UNSW-NB15,C5_HierarchicalMultiAgentRL,0,ok,
,0.6378066378066378,0.5,0.3894273127753304,0.49675865006261477,1.0,0.0,0.6378066378066378,1.0,0.0,0.7986233797840313,0.8762968571382053,3270.7399999999957,23.19673758865245,0.0,0.0,0.0,0.058222222222222224,0.0,0.0,33.4748375415802,0.510903,UNSW-NB15,C5_HierarchicalMultiAgentRL,1,ok,
,0.6384444444444445,0.5,0.38966499389664994,0.49755890109558903,1.0,0.0,0.6384444444444445,1.0,0.0,0.8624635539198751,0.9085702371953538,2498.1999999999975,17.717730496453882,0.0,0.0,0.0,0.0035555555555555557,0.0,0.0,41.20618534088135,4.990351,UNSW-NB15,C6_ContinualMetaGraphRL,0,ok,23.0
,0.6378733838609005,0.5,0.38945219462402175,0.49684237847375756,1.0,0.0,0.6378733838609005,1.0,0.0,0.8360813125634378,0.8898345170198144,2033.5200000000002,14.42212765957447,0.0,0.0,0.0,0.9968888888888889,0.0,0.0,41.98263645172119,4.957627,UNSW-NB15,C6_ContinualMetaGraphRL,1,ok,23.0
,0.6384444444444445,0.5,0.38966499389664994,0.49755890109558903,1.0,0.0,0.6384444444444445,1.0,0.0,0.8625288835652967,0.9086021341834293,2498.799999999998,17.72198581560282,0.0,0.0,0.0,0.0,0.0,0.0,43.303595542907715,1.841172,UNSW-NB15,C7_LogicPreservingAdversarialRL,0,ok,
,0.6468999530295914,0.5,0.3927985739750446,0.5082027581090937,1.0,0.0,0.6468999530295914,1.0,0.0,0.8505026964673642,0.9038929831994593,2367.5999999999976,16.791489361702112,0.0,0.0,0.05377777777777778,0.0,0.0,0.0,43.281718730926514,1.757978,UNSW-NB15,C7_LogicPreservingAdversarialRL,1,ok,
,0.6500619578686493,0.5,0.39396215079603486,0.512199614145229,1.0,0.0,0.6500619578686493,1.0,0.0,0.8665139715245069,0.9132439876685228,1343.4999999999984,9.52836879432623,0.0,0.0,0.0,0.06855555555555555,0.5516666666666666,0.0,39.51751160621643,8.904361,UNSW-NB15,C8_NeuroSymbolicATTCKRL,0,ok,
,0.6472877950778503,0.5,0.39294153517798613,0.5086925197997284,1.0,0.0,0.6472877950778503,1.0,0.0,0.8513266040049322,0.9034739688380817,3037.3599999999988,21.541560283687936,0.0,0.0,0.0,0.15944444444444444,0.0,0.0,40.748450756073,8.898374,UNSW-NB15,C8_NeuroSymbolicATTCKRL,1,ok,
,0.6404654476371409,0.505309602852576,0.42142525255825264,0.5238018161400873,0.9752858723718185,0.035333333333333335,0.6462967489611342,0.9646666666666667,0.02471412762818148,0.8325314152219354,0.8910231838803044,2040.3241992867327,14.470384392104487,0.09877777777777778,0.5035460992907801,0.0,0.2733333333333333,0.0025555555555555557,0.09133333333333334,39.618067264556885,0.948948,UNSW-NB15,C9_SelfSupervisedWorldModelRL,0,ok,
,0.6610265087422448,0.5400164825171521,0.4819598344959747,0.565893043472114,0.9791298195967457,0.10090314543755839,0.6572480113973643,0.8990968545624416,0.020870180403254335,0.8359994500686697,0.892030268905014,-603.604625496006,-4.280883868766,0.5952222222222222,1.1914893617021276,0.0,0.8366666666666667,0.0005555555555555556,0.577,36.86606955528259,1.667887,UNSW-NB15,C9_SelfSupervisedWorldModelRL,1,ok,
,0.6875,0.5,0.4074074074074074,0.5601851851851851,1.0,0.0,0.6875,1.0,0.0,0.9079545454545455,0.950890109555449,-62.80000000000011,-0.4453900709219866,0.0,0.0,0.0,0.0,0.9928888888888889,0.0,41.24375581741333,7.629596,UNSW-NB15,C10_ByzantineRobustFederatedRL,0,ok,
,0.6384444444444445,0.5,0.38966499389664994,0.49755890109558903,1.0,0.0,0.6384444444444445,1.0,0.0,0.8625288835652967,0.9086021341834293,2498.799999999998,17.72198581560282,0.0,0.0,0.0,0.0,0.0,0.0,42.40089249610901,7.607698,UNSW-NB15,C10_ByzantineRobustFederatedRL,1,ok,
0.6062735300649572,0.7960233918128655,0.5,0.44321437874446473,0.7056180261368017,1.0,0.0,0.7960233918128655,1.0,0.0,0.8865763597015046,0.9537265118095254,8167.700000000005,60.9529850746269,0.0,0.0,0.0,0.9964912280701754,0.0,0.0,30.763997077941895,1.72508,ToN-IoT-Network,C1_ConformalRiskGraphRL,0,ok,
0.6062735300649572,0.5142023645017657,0.39373217366231816,0.3966326891288353,0.5701450830792156,0.5786537746374116,0.20881057268722467,0.7760598503740649,0.7911894273127753,0.4213462253625883,0.8810316299231818,0.9578641300032362,5265.0199999999995,39.29119402985074,0.0,0.0,0.0,0.1160233918128655,0.0,0.0,30.881925344467163,1.389817,ToN-IoT-Network,C1_ConformalRiskGraphRL,1,ok,
,0.7960233918128655,0.5,0.44321437874446473,0.7056180261368017,1.0,0.0,0.7960233918128655,1.0,0.0,0.8864886150105007,0.953674311460813,8159.300000000006,60.89029850746273,0.0,0.0,0.0,0.9976608187134502,0.0,0.0,31.83364963531494,1.691745,ToN-IoT-Network,C2_CausalCounterfactualRL,0,ok,
,0.24239934264585045,0.334877439349864,0.24086493992158026,0.2612368403208332,0.17994707438988533,0.4898078043098428,0.5828571428571429,0.5101921956901573,0.8200529256101147,0.8857479137401261,0.9563850570282644,5787.569999999999,43.19082089552238,0.0,0.0,0.0,0.24561403508771928,0.00011695906432748539,0.0,25.897636890411377,1.753612,ToN-IoT-Network,C2_CausalCounterfactualRL,1,ok,
,0.7960233918128655,0.5,0.44321437874446473,0.7056180261368017,1.0,0.0,0.7960233918128655,1.0,0.0,0.9001559774564806,0.9592940076425659,6146.299999999997,45.867910447761176,0.0,0.0,0.0,0.0,0.0,0.0,15.041038751602173,5.029598,ToN-IoT-Network,C3_OfflineSafeGraphRL,0,ok,
,0.8588304093567252,0.7499111179558242,0.7669217863744335,0.8535750643659329,0.9338818689391714,0.5659403669724771,0.8935751441023478,0.43405963302752293,0.06611813106082869,0.9001559774564806,0.9592940076425659,-12363.862977040963,-92.2676341570221,3.999766081871345,8.0,0.0,0.0,0.0,3.8743859649122805,26.789820194244385,5.011604,ToN-IoT-Network,C3_OfflineSafeGraphRL,1,ok,
,0.7960233918128655,0.5,0.44321437874446473,0.7056180261368017,1.0,0.0,0.7960233918128655,1.0,0.0,0.8861670810563804,0.9535696884046767,8137.100000000006,60.72462686567169,0.0,0.0,0.0,1.0,0.0,0.0,31.04641890525818,2.088785,ToN-IoT-Network,C4_BudgetedActiveAcquisitionRL,0,ok,
,0.8004357856959754,0.5,0.44457891364704205,0.7117137440978666,1.0,0.0,0.8004357856959754,1.0,0.0,0.8962001200189439,0.9584208746954733,6211.8799999999965,46.357313432835795,0.0,0.0,0.0,0.0,0.0,0.0,31.27674889564514,2.052644,ToN-IoT-Network,C4_BudgetedActiveAcquisitionRL,1,ok,
,0.849802371541502,0.5,0.4594017094017094,0.7808013242795852,1.0,0.0,0.849802371541502,1.0,0.0,0.8877768028876177,0.9650603692340811,9132.889999999998,68.15589552238804,0.0,0.0,0.0,0.8276023391812866,0.0,0.0,31.520264863967896,1.434996,ToN-IoT-Network,C5_HierarchicalMultiAgentRL,0,ok,
,0.6113744075829384,0.42954002389486257,0.43306002970902635,0.6575854576235015,0.687037037037037,0.17204301075268819,0.828125,0.8279569892473119,0.31296296296296294,0.8663281561131023,0.9570969402864676,777.8900000000002,5.8051492537313445,0.0,0.0,0.0,0.05239766081871345,0.8692397660818714,0.0,32.1003532409668,0.50072,ToN-IoT-Network,C5_HierarchicalMultiAgentRL,1,ok,
,0.23007334963325182,0.36385684631843784,0.2299921512996032,0.2253077807655411,0.13803162904959312,0.5896820635872826,0.5679090334807327,0.41031793641271747,0.8619683709504069,0.8913039133306456,0.9575659538242806,404.7999999999977,3.0208955223880425,0.0,0.0,0.0,0.12432748538011695,0.04327485380116959,0.0,54.98191046714783,5.030272,ToN-IoT-Network,C6_ContinualMetaGraphRL,0,ok,186.0
,0.8007566204287516,0.5,0.44467787114845936,0.7121574985605843,1.0,0.0,0.8007566204287516,1.0,0.0,0.8831435263630023,0.9536845609908354,7797.350000000006,58.18917910447765,0.0,0.0,0.0,0.8452631578947368,0.0,0.0,56.4834189414978,5.042034,ToN-IoT-Network,C6_ContinualMetaGraphRL,1,ok,186.0
,0.7960233918128655,0.5,0.44321437874446473,0.7056180261368017,1.0,0.0,0.7960233918128655,1.0,0.0,0.8861670810563804,0.9535696884046767,8137.100000000006,60.72462686567169,0.0,0.0,0.0,1.0,0.0,0.0,55.10804104804993,1.700547,ToN-IoT-Network,C7_LogicPreservingAdversarialRL,0,ok,
,0.7960233918128655,0.5,0.44321437874446473,0.7056180261368017,1.0,0.0,0.7960233918128655,1.0,0.0,0.8861670810563804,0.9535696884046767,8137.100000000006,60.72462686567169,0.0,0.0,0.0,1.0,0.0,0.0,56.81187629699707,1.696793,ToN-IoT-Network,C7_LogicPreservingAdversarialRL,1,ok,
,0.6021921341070278,0.42810172570390553,0.3847916801937877,0.5382924345294918,0.8428701180744778,0.013333333333333334,0.6763848396501457,0.9866666666666667,0.15712988192552224,0.9571076798869714,0.974415903829989,673.8000000000002,5.0283582089552255,0.0,0.0,0.0,0.0023391812865497076,0.8185964912280702,0.0,49.28567457199097,9.054634,ToN-IoT-Network,C8_NeuroSymbolicATTCKRL,0,ok,
,0.5804347826086956,0.40927573375391213,0.39639933643360253,0.5572492145866367,0.7639296187683284,0.0546218487394958,0.6983914209115282,0.9453781512605042,0.23607038123167157,0.7916533182187832,0.9081156177808261,3287.11,24.530671641791045,0.0,0.0,0.0,0.06,0.8498245614035088,0.0,49.67080616950989,9.054158,ToN-IoT-Network,C8_NeuroSymbolicATTCKRL,1,ok,
,0.7847018260758524,0.4983578281202118,0.45220858040457446,0.70437154511872,0.9829828222828705,0.01373283395755306,0.7948851096975205,0.9862671660424469,0.017017177717129555,0.8887249923788876,0.956035829203218,6975.01,52.052313432835824,0.00011695906432748539,0.007462686567164179,0.0,0.8776608187134503,0.08198830409356725,0.0,36.06402063369751,1.610346,ToN-IoT-Network,C9_SelfSupervisedWorldModelRL,0,ok,
,0.780992333285115,0.50193654031185,0.4430264274870387,0.6864748487666558,0.9992587101556709,0.004614370468029005,0.7812228339611706,0.995385629531971,0.0007412898443291327,0.8844181558839208,0.9519894331585461,6050.443318831865,45.15256208083482,0.031228070175438598,0.11940298507462686,0.0,0.2650292397660819,0.19146198830409356,0.02935672514619883,36.57266592979431,1.488122,ToN-IoT-Network,C9_SelfSupervisedWorldModelRL,1,ok,
,0.7957331447430457,0.5,0.44312438464063014,0.7052175202048312,1.0,0.0,0.7957331447430457,1.0,0.0,0.8994928664796557,0.9590294983760443,6106.000000000002,45.56716417910449,0.0,0.0,0.0,0.011228070175438596,0.0077192982456140355,0.0,41.6590461730957,7.400417,ToN-IoT-Network,C10_ByzantineRobustFederatedRL,0,ok,
,0.7960233918128655,0.5,0.44321437874446473,0.7056180261368017,1.0,0.0,0.7960233918128655,1.0,0.0,0.8861670810563804,0.9535696884046767,8137.100000000006,60.72462686567169,0.0,0.0,0.0,1.0,0.0,0.0,39.134519815444946,7.397834,ToN-IoT-Network,C10_ByzantineRobustFederatedRL,1,ok,
0.5056554060686669,0.9773553443388361,0.5,0.494274004486347,0.9661626797049782,1.0,0.0,0.9773553443388361,1.0,0.0,0.723106584355398,0.9873474041977467,107096.50000000052,114.17537313432892,0.0,0.0,0.0,1.0,0.0,0.0,60.212730407714844,9.191979,CICIoT2023,C1_ConformalRiskGraphRL,0,ok,
0.5056554060686669,0.9773553443388361,0.5,0.494274004486347,0.9661626797049782,1.0,0.0,0.9773553443388361,1.0,0.0,0.9746463148935708,0.9987414224297586,73558.90000000007,78.42100213219624,0.0,0.0,0.0,0.0,0.0,0.0,60.1400671005249,11.773736,CICIoT2023,C1_ConformalRiskGraphRL,1,ok,
,0.9773553443388361,0.5,0.494274004486347,0.9661626797049782,1.0,0.0,0.9773553443388361,1.0,0.0,0.723106584355398,0.9873474041977467,107096.50000000052,114.17537313432892,0.0,0.0,0.0,1.0,0.0,0.0,69.21910977363586,9.133076,CICIoT2023,C2_CausalCounterfactualRL,0,ok,
,0.9773553443388361,0.5,0.494274004486347,0.9661626797049782,1.0,0.0,0.9773553443388361,1.0,0.0,0.723106584355398,0.9873474041977467,107096.50000000052,114.17537313432892,0.0,0.0,0.0,1.0,0.0,0.0,65.90847635269165,9.126228,CICIoT2023,C2_CausalCounterfactualRL,1,ok,
,0.9697181924295482,0.9420686671450211,0.7807889131526555,0.9750799099504284,0.9710298232443868,0.9131075110456554,0.9979309861130593,0.08689248895434462,0.028970176755613183,0.9746463148935708,0.9987414224297586,-62071.0897443843,-66.17386966352271,4.0,8.0,0.0,0.0,0.0,3.874870768717692,113.36234664916992,16.79131,CICIoT2023,C3_OfflineSafeGraphRL,0,ok,
,0.9773553443388361,0.5,0.494274004486347,0.9661626797049782,1.0,0.0,0.9773553443388361,1.0,0.0,0.9746463148935708,0.9987414224297586,73558.90000000007,78.42100213219624,0.0,0.0,0.0,0.0,0.0,0.0,33.240840911865234,16.581837,CICIoT2023,C3_OfflineSafeGraphRL,1,ok,
,0.9773553443388361,0.5,0.494274004486347,0.9661626797049782,1.0,0.0,0.9773553443388361,1.0,0.0,0.723106584355398,0.9873474041977467,107096.50000000052,114.17537313432892,0.0,0.0,0.0,1.0,0.0,0.0,59.5301239490509,9.51846,CICIoT2023,C4_BudgetedActiveAcquisitionRL,0,ok,
,0.9773553443388361,0.5,0.494274004486347,0.9661626797049782,1.0,0.0,0.9773553443388361,1.0,0.0,0.723106584355398,0.9873474041977467,107096.50000000052,114.17537313432892,0.0,0.0,0.0,1.0,0.0,0.0,61.730287075042725,9.603999,CICIoT2023,C4_BudgetedActiveAcquisitionRL,1,ok,
,0.9773553443388361,0.5,0.494274004486347,0.9661626797049782,1.0,0.0,0.9773553443388361,1.0,0.0,0.723106584355398,0.9873474041977467,107096.50000000052,114.17537313432892,0.0,0.0,0.0,1.0,0.0,0.0,60.63824510574341,9.171727,CICIoT2023,C5_HierarchicalMultiAgentRL,0,ok,
,0.9773553443388361,0.5,0.494274004486347,0.9661626797049782,1.0,0.0,0.9773553443388361,1.0,0.0,0.9700289449993251,0.9985889203181633,73614.09999999998,78.47985074626864,0.0,0.0,0.0,0.0021844255461063865,0.0,0.0,58.36390829086304,11.69467,CICIoT2023,C5_HierarchicalMultiAgentRL,1,ok,
,0.9773553443388361,0.5,0.494274004486347,0.9661626797049782,1.0,0.0,0.9773553443388361,1.0,0.0,0.723106584355398,0.9873474041977467,107096.50000000052,114.17537313432892,0.0,0.0,0.0,1.0,0.0,0.0,91.7348382472992,13.958707,CICIoT2023,C6_ContinualMetaGraphRL,0,ok,1.0
,0.9773553443388361,0.5,0.494274004486347,0.9661626797049782,1.0,0.0,0.9773553443388361,1.0,0.0,0.723106584355398,0.9873474041977467,107096.50000000052,114.17537313432892,0.0,0.0,0.0,1.0,0.0,0.0,130.41650795936584,13.50334,CICIoT2023,C6_ContinualMetaGraphRL,1,ok,1.0
,0.9773553443388361,0.5,0.494274004486347,0.9661626797049782,1.0,0.0,0.9773553443388361,1.0,0.0,0.723106584355398,0.9873474041977467,107096.50000000052,114.17537313432892,0.0,0.0,0.0,1.0,0.0,0.0,104.52706384658813,9.136574,CICIoT2023,C7_LogicPreservingAdversarialRL,0,ok,
,0.9773553443388361,0.5,0.494274004486347,0.9661626797049782,1.0,0.0,0.9773553443388361,1.0,0.0,0.7201244408323849,0.9872836526122237,106693.9000000005,113.74616204690885,0.0,0.0,0.0,0.9886609971652492,0.0,0.0,87.63274788856506,9.169652,CICIoT2023,C7_LogicPreservingAdversarialRL,1,ok,
,0.9773553443388361,0.5,0.494274004486347,0.9661626797049782,1.0,0.0,0.9773553443388361,1.0,0.0,0.710676006974098,0.989898370420532,81949.90000000026,87.36663113006423,0.0,0.0,0.0,0.27011839252959813,0.0,0.0,104.22154402732849,58.108682,CICIoT2023,C8_NeuroSymbolicATTCKRL,0,ok,
,0.9773553443388361,0.5,0.494274004486347,0.9661626797049782,1.0,0.0,0.9773553443388361,1.0,0.0,0.9746463148935708,0.9987414224297586,73558.90000000007,78.42100213219624,0.0,0.0,0.0,0.0,0.0,0.0,92.38985109329224,58.108642,CICIoT2023,C8_NeuroSymbolicATTCKRL,1,ok,
,0.976143074632359,0.5000731954246838,0.49536216264347926,0.9656775216401255,0.998664909367886,0.0014814814814814814,0.9774177876802975,0.9985185185185185,0.0013350906321140646,0.7223853302320686,0.9873954200854771,105559.7562795997,112.53705360298474,0.02126063031515758,0.04477611940298507,0.0,0.9914623978655994,0.0032849758212439555,0.020560280140070036,85.63841009140015,9.159476,CICIoT2023,C9_SelfSupervisedWorldModelRL,0,ok,
,0.9773553443388361,0.5,0.494274004486347,0.9661626797049782,1.0,0.0,0.9773553443388361,1.0,0.0,0.7771065883254917,0.9911692526808238,90028.30000000006,95.9789978678039,0.0,0.0,0.0,0.4930798732699683,0.0,0.0,85.23155975341797,10.484317,CICIoT2023,C9_SelfSupervisedWorldModelRL,1,ok,
,0.9773553443388361,0.5,0.494274004486347,0.9661626797049782,1.0,0.0,0.9773553443388361,1.0,0.0,0.7209191882876805,0.9872948681176121,106865.40453117705,113.92900269848299,0.0019343004835751208,0.12366737739872068,0.0,0.9943638485909622,0.0,0.0,85.27599549293518,11.741301,CICIoT2023,C10_ByzantineRobustFederatedRL,0,ok,
,0.9773553443388361,0.5,0.494274004486347,0.9661626797049782,1.0,0.0,0.9773553443388361,1.0,0.0,0.7234960932769025,0.987364645898462,107098.30000000053,114.17729211087476,0.0,0.0,0.0,0.9999499749874937,0.0,0.0,89.39754319190979,11.753246,CICIoT2023,C10_ByzantineRobustFederatedRL,1,ok,
