class,precision,recall,f1,support,dataset,seed
Analysis,0.24324324324324326,0.06474820143884892,0.10227272727272728,139,UNSW-NB15,0
Backdoor,0.38461538461538464,0.07246376811594203,0.12195121951219512,138,UNSW-NB15,0
DoS,0.48507462686567165,0.06842105263157895,0.11992619926199262,950,UNSW-NB15,0
Exploits,0.6126992157854794,0.9177718832891246,0.7348300970873787,2639,UNSW-NB15,0
Fuzzers,0.7088733798604188,0.5096774193548387,0.5929941618015012,1395,UNSW-NB15,0
Generic,0.9973086124401914,0.9788670384502495,0.9880017775144423,3407,UNSW-NB15,0
Normal,0.8961335676625659,0.9416435826408126,0.9183250787933364,5415,UNSW-NB15,0
Reconnaissance,0.9397590361445783,0.75,0.8342245989304813,832,UNSW-NB15,0
Shellcode,0.4166666666666667,0.5625,0.4787234042553192,80,UNSW-NB15,0
Worms,0.024390243902439025,0.2,0.043478260869565216,5,UNSW-NB15,0
Analysis,0.46153846153846156,0.08391608391608392,0.14201183431952663,143,UNSW-NB15,1
Backdoor,0.18518518518518517,0.04504504504504504,0.07246376811594203,111,UNSW-NB15,1
DoS,0.4772727272727273,0.0916030534351145,0.1537053979871912,917,UNSW-NB15,1
Exploits,0.6289742880840475,0.875,0.7318642432041177,2600,UNSW-NB15,1
Fuzzers,0.6757281553398058,0.49361702127659574,0.5704918032786885,1410,UNSW-NB15,1
Generic,0.9964465501924785,0.9784821168944461,0.9873826291079812,3439,UNSW-NB15,1
Normal,0.8923130800210121,0.9421334812349788,0.9165467625899281,5409,UNSW-NB15,1
Reconnaissance,0.9225449515905948,0.7693194925028836,0.8389937106918239,867,UNSW-NB15,1
Shellcode,0.5483870967741935,0.5368421052631579,0.5425531914893617,95,UNSW-NB15,1
Worms,0.00909090909090909,0.2222222222222222,0.017467248908296942,9,UNSW-NB15,1
Analysis,0.43333333333333335,0.087248322147651,0.1452513966480447,149,UNSW-NB15,2
Backdoor,0.36538461538461536,0.13194444444444445,0.19387755102040816,144,UNSW-NB15,2
DoS,0.5234375,0.0700836820083682,0.12361623616236163,956,UNSW-NB15,2
Exploits,0.6143687268885367,0.9093041438623924,0.7332912988650694,2558,UNSW-NB15,2
Fuzzers,0.7036688617121355,0.5249122807017544,0.6012861736334405,1425,UNSW-NB15,2
Generic,0.9958567623557265,0.9804778554778555,0.9881074732051094,3432,UNSW-NB15,2
Normal,0.898430611885029,0.9426456984273821,0.9200072228241243,5405,UNSW-NB15,2
Reconnaissance,0.91701244813278,0.7892857142857143,0.8483685220729367,840,UNSW-NB15,2
Shellcode,0.5376344086021505,0.5882352941176471,0.5617977528089888,85,UNSW-NB15,2
Worms,0.013333333333333334,0.16666666666666666,0.024691358024691357,6,UNSW-NB15,2
backdoor,0.9993769470404984,0.9993769470404984,0.9993769470404984,1605,ToN-IoT-Network,0
ddos,0.9796067006554989,0.9676258992805755,0.9735794426348172,1390,ToN-IoT-Network,0
dos,0.9625377643504531,0.976701410177805,0.9695678636640293,1631,ToN-IoT-Network,0
injection,0.9786476868327402,0.9622113365990203,0.9703599153140438,1429,ToN-IoT-Network,0
mitm,0.47126436781609193,0.6212121212121212,0.5359477124183006,66,ToN-IoT-Network,0
normal,0.9891969751530428,0.9761904761904762,0.9826506886066894,2814,ToN-IoT-Network,0
password,0.9943181818181818,0.9776536312849162,0.9859154929577465,1432,ToN-IoT-Network,0
ransomware,0.9986111111111111,0.9965349965349966,0.997571973638571,1443,ToN-IoT-Network,0
scanning,0.9713114754098361,0.9916317991631799,0.9813664596273292,1434,ToN-IoT-Network,0
xss,0.962187711006077,0.9820813232253618,0.9720327421555253,1451,ToN-IoT-Network,0
backdoor,0.9986885245901639,1.0,0.9993438320209974,1523,ToN-IoT-Network,1
ddos,0.9803232607167955,0.9680777238029147,0.9741620111731844,1441,ToN-IoT-Network,1
dos,0.9846547314578005,0.9771573604060914,0.9808917197452229,1576,ToN-IoT-Network,1
injection,0.9712722298221614,0.9633649932157394,0.9673024523160763,1474,ToN-IoT-Network,1
mitm,0.5540540540540541,0.5616438356164384,0.5578231292517006,73,ToN-IoT-Network,1
normal,0.9932983682983683,0.9941673957421989,0.9937326920274012,3429,ToN-IoT-Network,1
password,0.9864479315263909,0.9892703862660944,0.9878571428571429,1398,ToN-IoT-Network,1
ransomware,0.9977753058954394,1.0,0.9988864142538976,1794,ToN-IoT-Network,1
scanning,0.9824304538799414,0.9845928099779897,0.9835104433858556,1363,ToN-IoT-Network,1
xss,0.9593613933236574,0.9770879526977088,0.9681435371658733,1353,ToN-IoT-Network,1
backdoor,1.0,0.9993351063829787,0.9996674426338543,1504,ToN-IoT-Network,2
ddos,0.9821173104434907,0.9793152639087018,0.9807142857142858,1402,ToN-IoT-Network,2
dos,0.9912162162162163,0.9845637583892617,0.9878787878787879,1490,ToN-IoT-Network,2
injection,0.978909090909091,0.9817651349380014,0.9803350327749454,1371,ToN-IoT-Network,2
mitm,0.7341772151898734,0.7435897435897436,0.7388535031847133,78,ToN-IoT-Network,2
normal,0.9975932611311673,0.9957957957957958,0.9966937180643222,3330,ToN-IoT-Network,2
password,0.99527665317139,0.9925975773889637,0.9939353099730458,1486,ToN-IoT-Network,2
ransomware,0.9992721979621543,0.9985454545454545,0.9989086940705711,1375,ToN-IoT-Network,2
scanning,0.9890190336749634,0.9911958914159942,0.9901062660315134,1363,ToN-IoT-Network,2
xss,0.9731774415405777,0.9853760445682451,0.9792387543252595,1436,ToN-IoT-Network,2
Backdoor_Malware,0.0,0.0,0.0,11,CICIoT2023,0
BenignTraffic,0.4604923798358734,0.8196994991652755,0.5897012460591503,2396,CICIoT2023,0
BrowserHijacking,0.0,0.0,0.0,11,CICIoT2023,0
CommandInjection,0.0,0.0,0.0,6,CICIoT2023,0
DDoS-ACK_Fragmentation,0.2563049853372434,0.7626527050610821,0.38366988586479367,573,CICIoT2023,0
DDoS-HTTP_Flood,0.1,0.014492753623188406,0.02531645569620253,69,CICIoT2023,0
DDoS-ICMP_Flood,0.9986195109124375,0.991579634464752,0.9950871217083715,15320,CICIoT2023,0
DDoS-ICMP_Fragmentation,0.0,0.0,0.0,990,CICIoT2023,0
DDoS-PSHACK_Flood,0.9991958644457208,0.9844934917940011,0.9917901938426453,8835,CICIoT2023,0
DDoS-RSTFINFlood,0.9998824359275805,0.990104772991851,0.9949695835283107,8590,CICIoT2023,0
DDoS-SYN_Flood,0.9994061757719715,0.9616043880699349,0.9801409352978859,8751,CICIoT2023,0
DDoS-SlowLoris,0.0,0.0,0.0,58,CICIoT2023,0
DDoS-SynonymousIP_Flood,0.9990642962170833,0.9838093984467553,0.9913781668656321,7597,CICIoT2023,0
DDoS-TCP_Flood,0.9906359333196131,0.9905340055561271,0.9905849668158666,9719,CICIoT2023,0
DDoS-UDP_Flood,0.9989417989417989,0.9812889812889813,0.9900367068694285,11544,CICIoT2023,0
DDoS-UDP_Fragmentation,0.0,0.0,0.0,601,CICIoT2023,0
DNS_Spoofing,0.10869565217391304,0.2617801047120419,0.15360983102918588,382,CICIoT2023,0
DictionaryBruteForce,0.0,0.0,0.0,22,CICIoT2023,0
DoS-HTTP_Flood,0.08,0.04878048780487805,0.06060606060606061,164,CICIoT2023,0
DoS-SYN_Flood,0.9684800373569927,0.9357094518384841,0.9518127581459385,4433,CICIoT2023,0
DoS-TCP_Flood,0.9932445111653219,0.9315381907778951,0.9614022341295069,5682,CICIoT2023,0
DoS-UDP_Flood,0.9923331328923632,0.9315551792266441,0.960984131605765,7086,CICIoT2023,0
MITM-ArpSpoofing,0.1696551724137931,0.1849624060150376,0.17697841726618704,665,CICIoT2023,0
Mirai-greeth_flood,0.9308731808731808,0.8208065994500459,0.8723818801753531,2182,CICIoT2023,0
Mirai-greip_flood,0.8473186119873817,0.8315789473684211,0.839375,1615,CICIoT2023,0
Mirai-udpplain,0.9097744360902256,0.8252885624344176,0.865474552957359,1906,CICIoT2023,0
Recon-HostDiscovery,0.18357487922705315,0.13620071684587814,0.15637860082304528,279,CICIoT2023,0
Recon-OSScan,0.031746031746031744,0.010638297872340425,0.01593625498007968,188,CICIoT2023,0
Recon-PingSweep,0.0,0.0,0.0,4,CICIoT2023,0
Recon-PortScan,0.007194244604316547,0.006024096385542169,0.006557377049180328,166,CICIoT2023,0
SqlInjection,0.0,0.0,0.0,11,CICIoT2023,0
Uploading_Attack,0.0,0.0,0.0,2,CICIoT2023,0
VulnerabilityScan,0.0,0.0,0.0,51,CICIoT2023,0
XSS,0.0,0.0,0.0,10,CICIoT2023,0
Backdoor_Malware,0.0,0.0,0.0,9,CICIoT2023,1
BenignTraffic,0.007853403141361256,0.0025073129962390303,0.003801076971808679,2393,CICIoT2023,1
BrowserHijacking,0.0,0.0,0.0,14,CICIoT2023,1
CommandInjection,0.0,0.0,0.0,7,CICIoT2023,1
DDoS-ACK_Fragmentation,0.7651006711409396,0.1975736568457539,0.3140495867768595,577,CICIoT2023,1
DDoS-HTTP_Flood,0.0,0.0,0.0,57,CICIoT2023,1
DDoS-ICMP_Flood,0.20422925558450197,0.9531755270986936,0.3363841782119462,15462,CICIoT2023,1
DDoS-ICMP_Fragmentation,0.0,0.0,0.0,965,CICIoT2023,1
DDoS-PSHACK_Flood,0.5322930212397052,0.4218964727439304,0.47070849038522966,8732,CICIoT2023,1
DDoS-RSTFINFlood,0.8298516500151377,0.32326925344969926,0.4652860295365812,8479,CICIoT2023,1
DDoS-SYN_Flood,0.25892857142857145,0.0033592030580331285,0.006632361349342482,8633,CICIoT2023,1
DDoS-SlowLoris,0.0,0.0,0.0,48,CICIoT2023,1
DDoS-SynonymousIP_Flood,0.8724917913170376,0.6109337080086856,0.7186537450229133,7829,CICIoT2023,1
DDoS-TCP_Flood,0.38922888616891066,0.06591356617266038,0.1127359744748737,9649,CICIoT2023,1
DDoS-UDP_Flood,0.0,0.0,0.0,11620,CICIoT2023,1
DDoS-UDP_Fragmentation,0.0,0.0,0.0,596,CICIoT2023,1
DNS_Spoofing,0.007121057985757884,0.0166270783847981,0.009971509971509971,421,CICIoT2023,1
DictionaryBruteForce,0.0,0.0,0.0,30,CICIoT2023,1
DoS-HTTP_Flood,0.0,0.0,0.0,148,CICIoT2023,1
DoS-SYN_Flood,0.649763353617309,0.45117370892018777,0.5325574951510114,4260,CICIoT2023,1
DoS-TCP_Flood,0.0,0.0,0.0,5731,CICIoT2023,1
DoS-UDP_Flood,0.19306026611009652,0.10426940960969423,0.1354071363220494,7097,CICIoT2023,1
MITM-ArpSpoofing,0.0,0.0,0.0,684,CICIoT2023,1
Mirai-greeth_flood,0.05,0.0013986013986013986,0.0027210884353741495,2145,CICIoT2023,1
Mirai-greip_flood,0.30057803468208094,0.19561128526645769,0.2369920243068743,1595,CICIoT2023,1
Mirai-udpplain,0.0,0.0,0.0,1892,CICIoT2023,1
Recon-HostDiscovery,0.13333333333333333,0.0761904761904762,0.09696969696969697,315,CICIoT2023,1
Recon-OSScan,0.0,0.0,0.0,215,CICIoT2023,1
Recon-PingSweep,0.0,0.0,0.0,5,CICIoT2023,1
Recon-PortScan,0.0,0.0,0.0,190,CICIoT2023,1
SqlInjection,0.0,0.0,0.0,12,CICIoT2023,1
Uploading_Attack,0.0,0.0,0.0,0,CICIoT2023,1
VulnerabilityScan,0.0,0.0,0.0,77,CICIoT2023,1
XSS,0.0,0.0,0.0,12,CICIoT2023,1
Backdoor_Malware,0.0,0.0,0.0,7,CICIoT2023,2
BenignTraffic,0.5667673716012085,0.38569078947368424,0.45901639344262296,2432,CICIoT2023,2
BrowserHijacking,0.0,0.0,0.0,8,CICIoT2023,2
CommandInjection,0.0,0.0,0.0,10,CICIoT2023,2
DDoS-ACK_Fragmentation,0.3134447096260939,0.635483870967742,0.41981885988279166,620,CICIoT2023,2
DDoS-HTTP_Flood,0.009009009009009009,0.03508771929824561,0.014336917562724014,57,CICIoT2023,2
DDoS-ICMP_Flood,0.9995329597010942,0.9866956464466838,0.9930728182691989,15183,CICIoT2023,2
DDoS-ICMP_Fragmentation,0.5606361829025845,0.6025641025641025,0.5808444902162719,936,CICIoT2023,2
DDoS-PSHACK_Flood,0.9982091690544412,0.9520610339330449,0.9745891129502273,8782,CICIoT2023,2
DDoS-RSTFINFlood,0.9977549332388042,0.9781072628286807,0.9878334113242864,8633,CICIoT2023,2
DDoS-SYN_Flood,0.9881333807998102,0.9519835372127586,0.9697216722953301,8747,CICIoT2023,2
DDoS-SlowLoris,0.0,0.0,0.0,50,CICIoT2023,2
DDoS-SynonymousIP_Flood,0.9990737064972873,0.9807742270719667,0.989839396919043,7698,CICIoT2023,2
DDoS-TCP_Flood,0.9981000633312223,0.978274363749224,0.9880877742946709,9666,CICIoT2023,2
DDoS-UDP_Flood,0.9904694669961172,0.9732073181305818,0.9817625191340477,11533,CICIoT2023,2
DDoS-UDP_Fragmentation,0.005657708628005658,0.006896551724137931,0.006216006216006216,580,CICIoT2023,2
DNS_Spoofing,0.05671524222134699,0.37402597402597404,0.09849521203830369,385,CICIoT2023,2
DictionaryBruteForce,0.0,0.0,0.0,26,CICIoT2023,2
DoS-HTTP_Flood,0.07739938080495357,0.16025641025641027,0.10438413361169102,156,CICIoT2023,2
DoS-SYN_Flood,0.9909326424870466,0.8841886269070736,0.9345223552406547,4326,CICIoT2023,2
DoS-TCP_Flood,0.962610229276896,0.9493825013045747,0.9559506086347316,5749,CICIoT2023,2
DoS-UDP_Flood,0.9494601079784043,0.8779642213285259,0.912313567259889,7211,CICIoT2023,2
MITM-ArpSpoofing,0.005813953488372093,0.0015479876160990713,0.0024449877750611247,646,CICIoT2023,2
Mirai-greeth_flood,0.9842197545295149,0.8019047619047619,0.8837575439517187,2100,CICIoT2023,2
Mirai-greip_flood,0.8171828171828172,0.4927710843373494,0.6148064637354378,1660,CICIoT2023,2
Mirai-udpplain,0.9598885793871866,0.8840430990251411,0.9204059829059829,1949,CICIoT2023,2
Recon-HostDiscovery,0.2535885167464115,0.37992831541218636,0.30416068866571017,279,CICIoT2023,2
Recon-OSScan,0.07142857142857142,0.03571428571428571,0.047619047619047616,196,CICIoT2023,2
Recon-PingSweep,0.0,0.0,0.0,2,CICIoT2023,2
Recon-PortScan,0.016891891891891893,0.02857142857142857,0.021231422505307854,175,CICIoT2023,2
SqlInjection,0.0,0.0,0.0,12,CICIoT2023,2
Uploading_Attack,0.0,0.0,0.0,4,CICIoT2023,2
VulnerabilityScan,0.031746031746031744,0.022988505747126436,0.02666666666666667,87,CICIoT2023,2
XSS,0.0,0.0,0.0,9,CICIoT2023,2
