dataset,baseline,family,winner_score,baseline_score,outcome
CICIoT2023,LogisticRegression,classical_tree,0.4651761767635844,0.518276234163964,loss
CICIoT2023,LinearSVM,classical_tree,0.4651761767635844,0.8293437439808873,loss
CICIoT2023,GaussianNB,classical_tree,0.4651761767635844,0.7434028771674437,loss
CICIoT2023,kNN,classical_tree,0.4651761767635844,0.8674195397807585,loss
CICIoT2023,DecisionTree,classical_tree,0.4651761767635844,0.9203941243231816,loss
CICIoT2023,RandomForest,classical_tree,0.4651761767635844,0.9360362025617164,loss
CICIoT2023,ExtraTrees,classical_tree,0.4651761767635844,0.9038588516730834,loss
CICIoT2023,GradientBoosting,classical_tree,0.4651761767635844,0.9580665221455978,loss
CICIoT2023,HistGradientBoosting,classical_tree,0.4651761767635844,0.9514225650093832,loss
CICIoT2023,XGBoost,classical_tree,0.4651761767635844,0.9562403872958196,loss
CICIoT2023,LightGBM,classical_tree,0.4651761767635844,0.9563879683264498,loss
CICIoT2023,CatBoost,classical_tree,0.4651761767635844,0.957349093210438,loss
CICIoT2023,MLP,deep,0.4651761767635844,0.8554229052569184,loss
CICIoT2023,1D-CNN,deep,0.4651761767635844,0.6059371150968803,loss
CICIoT2023,LSTM,deep,0.4651761767635844,0.7765795079067438,loss
CICIoT2023,GRU,deep,0.4651761767635844,0.7380658699631237,loss
CICIoT2023,CNN-LSTM,deep,0.4651761767635844,0.8124874446788307,loss
CICIoT2023,CNN-BiLSTM,deep,0.4651761767635844,0.8545400324239265,loss
CICIoT2023,TCN,deep,0.4651761767635844,0.7700683151979011,loss
CICIoT2023,TransformerEncoder,deep,0.4651761767635844,0.8592932067016823,loss
CICIoT2023,FT-Transformer,deep,0.4651761767635844,0.8279856711462021,loss
CICIoT2023,GCN,graph,0.4651761767635844,0.8366330867859346,loss
CICIoT2023,GraphSAGE,graph,0.4651761767635844,0.824339867671134,loss
CICIoT2023,GAT,graph,0.4651761767635844,0.7681257155127542,loss
CICIoT2023,Protocol-role-GAT,graph,0.4651761767635844,0.8403820979760098,loss
CICIoT2023,HypergraphNN,graph,0.4651761767635844,0.8112142090171568,loss
CICIoT2023,DQN,rl,0.4651761767635844,0.7027764157329255,loss
CICIoT2023,DoubleDQN,rl,0.4651761767635844,0.5277944276384402,loss
CICIoT2023,DuelingDQN,rl,0.4651761767635844,0.7781692302253593,loss
CICIoT2023,PPO,rl,0.4651761767635844,0.4939323953363519,loss
CICIoT2023,A2C,rl,0.4651761767635844,0.4939323953363519,loss
CICIoT2023,CQL_Offline,rl,0.4651761767635844,0.4796471822595273,loss
CICIoT2023,RandomAcquisition,rl,0.4651761767635844,0.4176089504985774,win
CICIoT2023,GreedyUncertainty,rl,0.4651761767635844,0.4549421921538824,win
CICIoT2023,GreedyCentrality,rl,0.4651761767635844,0.4549421921538824,win
CICIoT2023,StaticThreshold,rl,0.4651761767635844,0.4549421921538824,win
CICIoT2023,OracleUpperBound,rl,0.4651761767635844,1.0,loss
CICIoT2023,LogisticRegression,classical_tree,0.4651761767635844,0.5111083697257266,loss
CICIoT2023,LinearSVM,classical_tree,0.4651761767635844,0.825944387188448,loss
CICIoT2023,GaussianNB,classical_tree,0.4651761767635844,0.739530123819963,loss
CICIoT2023,kNN,classical_tree,0.4651761767635844,0.8643534044527693,loss
CICIoT2023,DecisionTree,classical_tree,0.4651761767635844,0.9263642574850156,loss
CICIoT2023,RandomForest,classical_tree,0.4651761767635844,0.9349763270332714,loss
CICIoT2023,ExtraTrees,classical_tree,0.4651761767635844,0.903299013998816,loss
CICIoT2023,GradientBoosting,classical_tree,0.4651761767635844,0.9625288199240204,loss
CICIoT2023,HistGradientBoosting,classical_tree,0.4651761767635844,0.9578327671250416,loss
CICIoT2023,XGBoost,classical_tree,0.4651761767635844,0.9551055564682672,loss
CICIoT2023,LightGBM,classical_tree,0.4651761767635844,0.9550948483249052,loss
CICIoT2023,CatBoost,classical_tree,0.4651761767635844,0.960808921085304,loss
CICIoT2023,MLP,deep,0.4651761767635844,0.7775988625006502,loss
CICIoT2023,1D-CNN,deep,0.4651761767635844,0.7561907755237569,loss
CICIoT2023,LSTM,deep,0.4651761767635844,0.8140531436953822,loss
CICIoT2023,GRU,deep,0.4651761767635844,0.7802177734736843,loss
CICIoT2023,CNN-LSTM,deep,0.4651761767635844,0.8322756924356736,loss
CICIoT2023,CNN-BiLSTM,deep,0.4651761767635844,0.8350222373930903,loss
CICIoT2023,TCN,deep,0.4651761767635844,0.7273677410806254,loss
CICIoT2023,TransformerEncoder,deep,0.4651761767635844,0.8530684857395096,loss
CICIoT2023,FT-Transformer,deep,0.4651761767635844,0.8377524233761502,loss
CICIoT2023,GCN,graph,0.4651761767635844,0.838474543461173,loss
CICIoT2023,GraphSAGE,graph,0.4651761767635844,0.8307822667945224,loss
CICIoT2023,GAT,graph,0.4651761767635844,0.8453467573603228,loss
CICIoT2023,Protocol-role-GAT,graph,0.4651761767635844,0.8041020839945319,loss
CICIoT2023,HypergraphNN,graph,0.4651761767635844,0.7192396964905229,loss
CICIoT2023,DQN,rl,0.4651761767635844,0.4552364139632306,tie
CICIoT2023,DoubleDQN,rl,0.4651761767635844,0.3942799580549645,win
CICIoT2023,DuelingDQN,rl,0.4651761767635844,0.444297380093731,win
CICIoT2023,PPO,rl,0.4651761767635844,0.4939388566652313,loss
CICIoT2023,A2C,rl,0.4651761767635844,0.4939388566652313,loss
CICIoT2023,CQL_Offline,rl,0.4651761767635844,0.4873492474563048,loss
CICIoT2023,RandomAcquisition,rl,0.4651761767635844,0.4200035680295563,win
CICIoT2023,GreedyUncertainty,rl,0.4651761767635844,0.463527987360301,tie
CICIoT2023,GreedyCentrality,rl,0.4651761767635844,0.463527987360301,tie
CICIoT2023,StaticThreshold,rl,0.4651761767635844,0.463527987360301,tie
CICIoT2023,OracleUpperBound,rl,0.4651761767635844,1.0,loss
CICIoT2023,LogisticRegression,classical_tree,0.4651761767635844,0.4783120614734433,loss
CICIoT2023,LinearSVM,classical_tree,0.4651761767635844,0.8353904203166439,loss
CICIoT2023,GaussianNB,classical_tree,0.4651761767635844,0.744354491833149,loss
CICIoT2023,kNN,classical_tree,0.4651761767635844,0.8692367309046409,loss
CICIoT2023,DecisionTree,classical_tree,0.4651761767635844,0.9023151169782214,loss
CICIoT2023,RandomForest,classical_tree,0.4651761767635844,0.94731919473194,loss
CICIoT2023,ExtraTrees,classical_tree,0.4651761767635844,0.906101372921563,loss
CICIoT2023,GradientBoosting,classical_tree,0.4651761767635844,0.9590310892144898,loss
CICIoT2023,HistGradientBoosting,classical_tree,0.4651761767635844,0.9515811301356214,loss
CICIoT2023,XGBoost,classical_tree,0.4651761767635844,0.957655414288847,loss
CICIoT2023,LightGBM,classical_tree,0.4651761767635844,0.9527766084387088,loss
CICIoT2023,CatBoost,classical_tree,0.4651761767635844,0.953567614195976,loss
CICIoT2023,MLP,deep,0.4651761767635844,0.8212059540354318,loss
CICIoT2023,1D-CNN,deep,0.4651761767635844,0.7337963322110572,loss
CICIoT2023,LSTM,deep,0.4651761767635844,0.8110198208270439,loss
CICIoT2023,GRU,deep,0.4651761767635844,0.8282682976677531,loss
CICIoT2023,CNN-LSTM,deep,0.4651761767635844,0.8448836275527782,loss
CICIoT2023,CNN-BiLSTM,deep,0.4651761767635844,0.7322712837988279,loss
CICIoT2023,TCN,deep,0.4651761767635844,0.7822438975459969,loss
CICIoT2023,TransformerEncoder,deep,0.4651761767635844,0.861340376238894,loss
CICIoT2023,FT-Transformer,deep,0.4651761767635844,0.8327014293493036,loss
CICIoT2023,GCN,graph,0.4651761767635844,0.8471341673640224,loss
CICIoT2023,GraphSAGE,graph,0.4651761767635844,0.7626111770266476,loss
CICIoT2023,GAT,graph,0.4651761767635844,0.831700379188156,loss
CICIoT2023,Protocol-role-GAT,graph,0.4651761767635844,0.8461874688150839,loss
CICIoT2023,HypergraphNN,graph,0.4651761767635844,0.8516629954005313,loss
CICIoT2023,DQN,rl,0.4651761767635844,0.526503100963843,loss
CICIoT2023,DoubleDQN,rl,0.4651761767635844,0.7142989964390388,loss
CICIoT2023,DuelingDQN,rl,0.4651761767635844,0.6451088756663861,loss
CICIoT2023,PPO,rl,0.4651761767635844,0.493839794119435,loss
CICIoT2023,A2C,rl,0.4651761767635844,0.493839794119435,loss
CICIoT2023,CQL_Offline,rl,0.4651761767635844,0.4938222055132751,loss
CICIoT2023,RandomAcquisition,rl,0.4651761767635844,0.4198253629594595,win
CICIoT2023,GreedyUncertainty,rl,0.4651761767635844,0.4661537350813046,tie
CICIoT2023,GreedyCentrality,rl,0.4651761767635844,0.4661537350813046,tie
CICIoT2023,StaticThreshold,rl,0.4651761767635844,0.4661537350813046,tie
CICIoT2023,OracleUpperBound,rl,0.4651761767635844,1.0,loss
ToN-IoT-Network,LogisticRegression,classical_tree,0.5715400631996609,0.8501154798338791,loss
ToN-IoT-Network,LinearSVM,classical_tree,0.5715400631996609,0.5213505126421267,win
ToN-IoT-Network,GaussianNB,classical_tree,0.5715400631996609,0.4505462046462473,win
ToN-IoT-Network,kNN,classical_tree,0.5715400631996609,0.9821852098888882,loss
ToN-IoT-Network,DecisionTree,classical_tree,0.5715400631996609,0.9954941652096246,loss
ToN-IoT-Network,RandomForest,classical_tree,0.5715400631996609,0.9977993441551388,loss
ToN-IoT-Network,ExtraTrees,classical_tree,0.5715400631996609,0.990878432009728,loss
ToN-IoT-Network,GradientBoosting,classical_tree,0.5715400631996609,0.99243137036442,loss
ToN-IoT-Network,HistGradientBoosting,classical_tree,0.5715400631996609,0.9982389965144236,loss
ToN-IoT-Network,XGBoost,classical_tree,0.5715400631996609,0.997910229013018,loss
ToN-IoT-Network,LightGBM,classical_tree,0.5715400631996609,0.9981312200481568,loss
ToN-IoT-Network,CatBoost,classical_tree,0.5715400631996609,0.996809482697623,loss
ToN-IoT-Network,MLP,deep,0.5715400631996609,0.9189168726997674,loss
ToN-IoT-Network,1D-CNN,deep,0.5715400631996609,0.657886610851846,loss
ToN-IoT-Network,LSTM,deep,0.5715400631996609,0.9694660227115154,loss
ToN-IoT-Network,GRU,deep,0.5715400631996609,0.9745389915294156,loss
ToN-IoT-Network,CNN-LSTM,deep,0.5715400631996609,0.9205685929214305,loss
ToN-IoT-Network,CNN-BiLSTM,deep,0.5715400631996609,0.9400088924434806,loss
ToN-IoT-Network,TCN,deep,0.5715400631996609,0.4627017582122815,win
ToN-IoT-Network,TransformerEncoder,deep,0.5715400631996609,0.9482508824170764,loss
ToN-IoT-Network,FT-Transformer,deep,0.5715400631996609,0.8015250678330599,loss
ToN-IoT-Network,GCN,graph,0.5715400631996609,0.8758051666454163,loss
ToN-IoT-Network,GraphSAGE,graph,0.5715400631996609,0.9595307095362412,loss
ToN-IoT-Network,GAT,graph,0.5715400631996609,0.8959381324301453,loss
ToN-IoT-Network,Protocol-role-GAT,graph,0.5715400631996609,0.8802598665797998,loss
ToN-IoT-Network,HypergraphNN,graph,0.5715400631996609,0.88429198935889,loss
ToN-IoT-Network,DQN,rl,0.5715400631996609,0.4492193488728576,win
ToN-IoT-Network,DoubleDQN,rl,0.5715400631996609,0.1163926002055498,win
ToN-IoT-Network,DuelingDQN,rl,0.5715400631996609,0.216760386967094,win
ToN-IoT-Network,PPO,rl,0.5715400631996609,0.4470574954846478,win
ToN-IoT-Network,A2C,rl,0.5715400631996609,0.4470574954846478,win
ToN-IoT-Network,CQL_Offline,rl,0.5715400631996609,0.8311647968685024,loss
ToN-IoT-Network,RandomAcquisition,rl,0.5715400631996609,0.5129672224495208,win
ToN-IoT-Network,GreedyUncertainty,rl,0.5715400631996609,0.8304500227301579,loss
ToN-IoT-Network,GreedyCentrality,rl,0.5715400631996609,0.8304500227301579,loss
ToN-IoT-Network,StaticThreshold,rl,0.5715400631996609,0.8304500227301579,loss
ToN-IoT-Network,OracleUpperBound,rl,0.5715400631996609,1.0,loss
ToN-IoT-Network,LogisticRegression,classical_tree,0.5715400631996609,0.7802217844896768,loss
ToN-IoT-Network,LinearSVM,classical_tree,0.5715400631996609,0.5566253084711915,win
ToN-IoT-Network,GaussianNB,classical_tree,0.5715400631996609,0.5427147786973479,win
ToN-IoT-Network,kNN,classical_tree,0.5715400631996609,0.9883287679525402,loss
ToN-IoT-Network,DecisionTree,classical_tree,0.5715400631996609,0.9970922489293592,loss
ToN-IoT-Network,RandomForest,classical_tree,0.5715400631996609,0.9983103949634348,loss
ToN-IoT-Network,ExtraTrees,classical_tree,0.5715400631996609,0.9952082807446616,loss
ToN-IoT-Network,GradientBoosting,classical_tree,0.5715400631996609,0.9954029187721348,loss
ToN-IoT-Network,HistGradientBoosting,classical_tree,0.5715400631996609,0.9974669144254622,loss
ToN-IoT-Network,XGBoost,classical_tree,0.5715400631996609,0.9976545503939463,loss
ToN-IoT-Network,LightGBM,classical_tree,0.5715400631996609,0.9985000068683232,loss
ToN-IoT-Network,CatBoost,classical_tree,0.5715400631996609,0.9969052972324806,loss
ToN-IoT-Network,MLP,deep,0.5715400631996609,0.9464079443183856,loss
ToN-IoT-Network,1D-CNN,deep,0.5715400631996609,0.4313233983466571,win
ToN-IoT-Network,LSTM,deep,0.5715400631996609,0.9705621718112702,loss
ToN-IoT-Network,GRU,deep,0.5715400631996609,0.9553398672401332,loss
ToN-IoT-Network,CNN-LSTM,deep,0.5715400631996609,0.9404855693404298,loss
ToN-IoT-Network,CNN-BiLSTM,deep,0.5715400631996609,0.9483412425842273,loss
ToN-IoT-Network,TCN,deep,0.5715400631996609,0.354999102124298,win
ToN-IoT-Network,TransformerEncoder,deep,0.5715400631996609,0.9276282236843204,loss
ToN-IoT-Network,FT-Transformer,deep,0.5715400631996609,0.806132428978881,loss
ToN-IoT-Network,GCN,graph,0.5715400631996609,0.9223702883331304,loss
ToN-IoT-Network,GraphSAGE,graph,0.5715400631996609,0.9679736636917357,loss
ToN-IoT-Network,GAT,graph,0.5715400631996609,0.9155527451702444,loss
ToN-IoT-Network,Protocol-role-GAT,graph,0.5715400631996609,0.9172356356069448,loss
ToN-IoT-Network,HypergraphNN,graph,0.5715400631996609,0.8662361340322854,loss
ToN-IoT-Network,DQN,rl,0.5715400631996609,0.4348875172104613,win
ToN-IoT-Network,DoubleDQN,rl,0.5715400631996609,0.8792938553293137,loss
ToN-IoT-Network,DuelingDQN,rl,0.5715400631996609,0.4387770213016201,win
ToN-IoT-Network,PPO,rl,0.5715400631996609,0.4371083456845097,win
ToN-IoT-Network,A2C,rl,0.5715400631996609,0.4374703672635763,win
ToN-IoT-Network,CQL_Offline,rl,0.5715400631996609,0.4374703672635763,win
ToN-IoT-Network,RandomAcquisition,rl,0.5715400631996609,0.5129954911825636,win
ToN-IoT-Network,GreedyUncertainty,rl,0.5715400631996609,0.7805092832867355,loss
ToN-IoT-Network,GreedyCentrality,rl,0.5715400631996609,0.7805092832867355,loss
ToN-IoT-Network,StaticThreshold,rl,0.5715400631996609,0.7805092832867355,loss
ToN-IoT-Network,OracleUpperBound,rl,0.5715400631996609,1.0,loss
ToN-IoT-Network,LogisticRegression,classical_tree,0.5715400631996609,0.7874986486486486,loss
ToN-IoT-Network,LinearSVM,classical_tree,0.5715400631996609,0.5614789051518808,win
ToN-IoT-Network,GaussianNB,classical_tree,0.5715400631996609,0.1837663129376909,win
ToN-IoT-Network,kNN,classical_tree,0.5715400631996609,0.9855458070424292,loss
ToN-IoT-Network,DecisionTree,classical_tree,0.5715400631996609,0.9975801392155126,loss
ToN-IoT-Network,RandomForest,classical_tree,0.5715400631996609,0.9985468428987336,loss
ToN-IoT-Network,ExtraTrees,classical_tree,0.5715400631996609,0.9948611162172828,loss
ToN-IoT-Network,GradientBoosting,classical_tree,0.5715400631996609,0.9952550478600698,loss
ToN-IoT-Network,HistGradientBoosting,classical_tree,0.5715400631996609,0.9977708727092958,loss
ToN-IoT-Network,XGBoost,classical_tree,0.5715400631996609,0.998159334338396,loss
ToN-IoT-Network,LightGBM,classical_tree,0.5715400631996609,0.9984498000910892,loss
ToN-IoT-Network,CatBoost,classical_tree,0.5715400631996609,0.9976751970558452,loss
ToN-IoT-Network,MLP,deep,0.5715400631996609,0.9298854725156724,loss
ToN-IoT-Network,1D-CNN,deep,0.5715400631996609,0.1966342075409887,win
ToN-IoT-Network,LSTM,deep,0.5715400631996609,0.9752948921949292,loss
ToN-IoT-Network,GRU,deep,0.5715400631996609,0.9712367134124202,loss
ToN-IoT-Network,CNN-LSTM,deep,0.5715400631996609,0.9274614494466598,loss
ToN-IoT-Network,CNN-BiLSTM,deep,0.5715400631996609,0.9339267262134676,loss
ToN-IoT-Network,TCN,deep,0.5715400631996609,0.5542273571308673,win
ToN-IoT-Network,TransformerEncoder,deep,0.5715400631996609,0.9683736168565436,loss
ToN-IoT-Network,FT-Transformer,deep,0.5715400631996609,0.8287801628401583,loss
ToN-IoT-Network,GCN,graph,0.5715400631996609,0.8714521820529474,loss
ToN-IoT-Network,GraphSAGE,graph,0.5715400631996609,0.9598602113122928,loss
ToN-IoT-Network,GAT,graph,0.5715400631996609,0.9300283234261342,loss
ToN-IoT-Network,Protocol-role-GAT,graph,0.5715400631996609,0.9227515711923088,loss
ToN-IoT-Network,HypergraphNN,graph,0.5715400631996609,0.831920691733254,loss
ToN-IoT-Network,DQN,rl,0.5715400631996609,0.6879244058859968,loss
ToN-IoT-Network,DoubleDQN,rl,0.5715400631996609,0.5358694656874402,win
ToN-IoT-Network,DuelingDQN,rl,0.5715400631996609,0.4882101739990226,win
ToN-IoT-Network,PPO,rl,0.5715400631996609,0.4367881548974943,win
ToN-IoT-Network,A2C,rl,0.5715400631996609,0.4367881548974943,win
ToN-IoT-Network,CQL_Offline,rl,0.5715400631996609,0.4367881548974943,win
ToN-IoT-Network,RandomAcquisition,rl,0.5715400631996609,0.504758637648716,win
ToN-IoT-Network,GreedyUncertainty,rl,0.5715400631996609,0.7743124788085431,loss
ToN-IoT-Network,GreedyCentrality,rl,0.5715400631996609,0.7743124788085431,loss
ToN-IoT-Network,StaticThreshold,rl,0.5715400631996609,0.7743124788085431,loss
ToN-IoT-Network,OracleUpperBound,rl,0.5715400631996609,1.0,loss
UNSW-NB15,LogisticRegression,classical_tree,0.6790266032408934,0.779565706326611,loss
UNSW-NB15,LinearSVM,classical_tree,0.6790266032408934,0.8784208587633053,loss
UNSW-NB15,GaussianNB,classical_tree,0.6790266032408934,0.7468122942838562,loss
UNSW-NB15,kNN,classical_tree,0.6790266032408934,0.914193809442624,loss
UNSW-NB15,DecisionTree,classical_tree,0.6790266032408934,0.9287214988400924,loss
UNSW-NB15,RandomForest,classical_tree,0.6790266032408934,0.9373281080928328,loss
UNSW-NB15,ExtraTrees,classical_tree,0.6790266032408934,0.9195167385194574,loss
UNSW-NB15,GradientBoosting,classical_tree,0.6790266032408934,0.9307548031636228,loss
UNSW-NB15,HistGradientBoosting,classical_tree,0.6790266032408934,0.9376244135145648,loss
UNSW-NB15,XGBoost,classical_tree,0.6790266032408934,0.9403481283231064,loss
UNSW-NB15,LightGBM,classical_tree,0.6790266032408934,0.9391502768572466,loss
UNSW-NB15,CatBoost,classical_tree,0.6790266032408934,0.937848112684843,loss
UNSW-NB15,MLP,deep,0.6790266032408934,0.8998103395643631,loss
UNSW-NB15,1D-CNN,deep,0.6790266032408934,0.8023439722031291,loss
UNSW-NB15,LSTM,deep,0.6790266032408934,0.8994876268130287,loss
UNSW-NB15,GRU,deep,0.6790266032408934,0.8920827677971446,loss
UNSW-NB15,CNN-LSTM,deep,0.6790266032408934,0.8710879439428525,loss
UNSW-NB15,CNN-BiLSTM,deep,0.6790266032408934,0.8748663810193595,loss
UNSW-NB15,TCN,deep,0.6790266032408934,0.63929503931755,win
UNSW-NB15,TransformerEncoder,deep,0.6790266032408934,0.8379146183167885,loss
UNSW-NB15,FT-Transformer,deep,0.6790266032408934,0.6486561634645311,win
UNSW-NB15,GCN,graph,0.6790266032408934,0.8201126789473518,loss
UNSW-NB15,GraphSAGE,graph,0.6790266032408934,0.8098952073847472,loss
UNSW-NB15,GAT,graph,0.6790266032408934,0.8319143218783287,loss
UNSW-NB15,Protocol-role-GAT,graph,0.6790266032408934,0.8300465561606873,loss
UNSW-NB15,HypergraphNN,graph,0.6790266032408934,0.8476399574233819,loss
UNSW-NB15,DQN,rl,0.6790266032408934,0.526723348724073,win
UNSW-NB15,DoubleDQN,rl,0.6790266032408934,0.6465461973253618,win
UNSW-NB15,DuelingDQN,rl,0.6790266032408934,0.5596925471783791,win
UNSW-NB15,PPO,rl,0.6790266032408934,0.3898718730933496,win
UNSW-NB15,A2C,rl,0.6790266032408934,0.3898718730933496,win
UNSW-NB15,CQL_Offline,rl,0.6790266032408934,0.3898718730933496,win
UNSW-NB15,RandomAcquisition,rl,0.6790266032408934,0.5190470935922777,win
UNSW-NB15,GreedyUncertainty,rl,0.6790266032408934,0.7753809599626882,loss
UNSW-NB15,GreedyCentrality,rl,0.6790266032408934,0.7753809599626882,loss
UNSW-NB15,StaticThreshold,rl,0.6790266032408934,0.7753809599626882,loss
UNSW-NB15,OracleUpperBound,rl,0.6790266032408934,1.0,loss
UNSW-NB15,LogisticRegression,classical_tree,0.6790266032408934,0.7829085801229487,loss
UNSW-NB15,LinearSVM,classical_tree,0.6790266032408934,0.8820908631830966,loss
UNSW-NB15,GaussianNB,classical_tree,0.6790266032408934,0.7293033977125765,loss
UNSW-NB15,kNN,classical_tree,0.6790266032408934,0.9169585809235308,loss
UNSW-NB15,DecisionTree,classical_tree,0.6790266032408934,0.926134727062648,loss
UNSW-NB15,RandomForest,classical_tree,0.6790266032408934,0.9369087270717578,loss
UNSW-NB15,ExtraTrees,classical_tree,0.6790266032408934,0.9170530060440708,loss
UNSW-NB15,GradientBoosting,classical_tree,0.6790266032408934,0.93107858555495,loss
UNSW-NB15,HistGradientBoosting,classical_tree,0.6790266032408934,0.940078988984504,loss
UNSW-NB15,XGBoost,classical_tree,0.6790266032408934,0.9417583781268128,loss
UNSW-NB15,LightGBM,classical_tree,0.6790266032408934,0.9386457469855272,loss
UNSW-NB15,CatBoost,classical_tree,0.6790266032408934,0.9369440083524908,loss
UNSW-NB15,MLP,deep,0.6790266032408934,0.8732678725118697,loss
UNSW-NB15,1D-CNN,deep,0.6790266032408934,0.8188926404535236,loss
UNSW-NB15,LSTM,deep,0.6790266032408934,0.901708197014683,loss
UNSW-NB15,GRU,deep,0.6790266032408934,0.8947966090970996,loss
UNSW-NB15,CNN-LSTM,deep,0.6790266032408934,0.8623933913323525,loss
UNSW-NB15,CNN-BiLSTM,deep,0.6790266032408934,0.8789745462763172,loss
UNSW-NB15,TCN,deep,0.6790266032408934,0.6766522677061588,tie
UNSW-NB15,TransformerEncoder,deep,0.6790266032408934,0.8548010016173848,loss
UNSW-NB15,FT-Transformer,deep,0.6790266032408934,0.6517957313248691,win
UNSW-NB15,GCN,graph,0.6790266032408934,0.8093583439668706,loss
UNSW-NB15,GraphSAGE,graph,0.6790266032408934,0.8386004887391849,loss
UNSW-NB15,GAT,graph,0.6790266032408934,0.818356360026504,loss
UNSW-NB15,Protocol-role-GAT,graph,0.6790266032408934,0.8361858190364806,loss
UNSW-NB15,HypergraphNN,graph,0.6790266032408934,0.8411748125193849,loss
UNSW-NB15,DQN,rl,0.6790266032408934,0.7080108530484079,loss
UNSW-NB15,DoubleDQN,rl,0.6790266032408934,0.4916791959866813,win
UNSW-NB15,DuelingDQN,rl,0.6790266032408934,0.3956411082842877,win
UNSW-NB15,PPO,rl,0.6790266032408934,0.3954883791584384,win
UNSW-NB15,A2C,rl,0.6790266032408934,0.3900207392948639,win
UNSW-NB15,CQL_Offline,rl,0.6790266032408934,0.3900207392948639,win
UNSW-NB15,RandomAcquisition,rl,0.6790266032408934,0.5246036517285624,win
UNSW-NB15,GreedyUncertainty,rl,0.6790266032408934,0.7696532844308968,loss
UNSW-NB15,GreedyCentrality,rl,0.6790266032408934,0.7696532844308968,loss
UNSW-NB15,StaticThreshold,rl,0.6790266032408934,0.7696532844308968,loss
UNSW-NB15,OracleUpperBound,rl,0.6790266032408934,1.0,loss
UNSW-NB15,LogisticRegression,classical_tree,0.6790266032408934,0.773840818868575,loss
UNSW-NB15,LinearSVM,classical_tree,0.6790266032408934,0.878572378738658,loss
UNSW-NB15,GaussianNB,classical_tree,0.6790266032408934,0.7379792776494977,loss
UNSW-NB15,kNN,classical_tree,0.6790266032408934,0.9132659995271434,loss
UNSW-NB15,DecisionTree,classical_tree,0.6790266032408934,0.9288554207388782,loss
UNSW-NB15,RandomForest,classical_tree,0.6790266032408934,0.9331840837061812,loss
UNSW-NB15,ExtraTrees,classical_tree,0.6790266032408934,0.9165001844181812,loss
UNSW-NB15,GradientBoosting,classical_tree,0.6790266032408934,0.9299226708472764,loss
UNSW-NB15,HistGradientBoosting,classical_tree,0.6790266032408934,0.938992851401032,loss
UNSW-NB15,XGBoost,classical_tree,0.6790266032408934,0.9388680034286084,loss
UNSW-NB15,LightGBM,classical_tree,0.6790266032408934,0.9401063946311268,loss
UNSW-NB15,CatBoost,classical_tree,0.6790266032408934,0.936128800939492,loss
UNSW-NB15,MLP,deep,0.6790266032408934,0.883269268007828,loss
UNSW-NB15,1D-CNN,deep,0.6790266032408934,0.7778571478183843,loss
UNSW-NB15,LSTM,deep,0.6790266032408934,0.9082872353394472,loss
UNSW-NB15,GRU,deep,0.6790266032408934,0.8967225033098956,loss
UNSW-NB15,CNN-LSTM,deep,0.6790266032408934,0.8760746722825952,loss
UNSW-NB15,CNN-BiLSTM,deep,0.6790266032408934,0.8808497970127915,loss
UNSW-NB15,TCN,deep,0.6790266032408934,0.6626174747700164,win
UNSW-NB15,TransformerEncoder,deep,0.6790266032408934,0.8434541610697891,loss
UNSW-NB15,FT-Transformer,deep,0.6790266032408934,0.645819478482258,win
UNSW-NB15,GCN,graph,0.6790266032408934,0.8013029184742432,loss
UNSW-NB15,GraphSAGE,graph,0.6790266032408934,0.8509568127302272,loss
UNSW-NB15,GAT,graph,0.6790266032408934,0.8618040485577074,loss
UNSW-NB15,Protocol-role-GAT,graph,0.6790266032408934,0.8474889621821878,loss
UNSW-NB15,HypergraphNN,graph,0.6790266032408934,0.8370475451377948,loss
UNSW-NB15,DQN,rl,0.6790266032408934,0.6432222410157322,win
UNSW-NB15,DoubleDQN,rl,0.6790266032408934,0.4529211218060124,win
UNSW-NB15,DuelingDQN,rl,0.6790266032408934,0.7637120510272262,loss
UNSW-NB15,A2C,rl,0.6790266032408934,0.3901199430778613,win
UNSW-NB15,CQL_Offline,rl,0.6790266032408934,0.3901199430778613,win
UNSW-NB15,RandomAcquisition,rl,0.6790266032408934,0.5244593988561057,win
UNSW-NB15,GreedyUncertainty,rl,0.6790266032408934,0.7754384835036121,loss
UNSW-NB15,GreedyCentrality,rl,0.6790266032408934,0.7754384835036121,loss
UNSW-NB15,StaticThreshold,rl,0.6790266032408934,0.7754384835036121,loss
UNSW-NB15,OracleUpperBound,rl,0.6790266032408934,1.0,loss
